show_id,rating
s1,PG-13
s2,TV-MA
s3,TV-MA
s4,TV-MA
s5,TV-MA
s6,TV-MA
s7,PG
s8,TV-MA
s9,TV-14
s10,PG-13
s11,TV-MA
s12,TV-MA
s13,TV-MA
s14,TV-PG
s15,TV-MA
s16,TV-MA
s17,TV-MA
s18,TV-MA
s19,TV-14
s20,TV-MA
s21,TV-14
s22,TV-14
s23,TV-PG
s24,TV-Y
s25,TV-14
s26,TV-14
s27,TV-PG
s28,PG-13
s29,PG-13
s30,PG-13
s31,TV-14
s32,TV-MA
s33,TV-MA
s34,TV-MA
s35,TV-Y7
s36,TV-MA
s37,TV-MA
s38,TV-Y7
s39,PG-13
s40,TV-Y7
s41,TV-Y7
s42,PG
s43,PG
s44,PG
s45,PG-13
s46,PG
s47,R
s48,TV-MA
s49,R
s50,TV-MA
s51,TV-PG
s52,TV-14
s1180,TV-Y7
s53,TV-14
s54,TV-PG
s55,TV-PG
s56,TV-PG
s57,TV-14
s58,TV-PG
s59,TV-PG
s60,TV-PG
s61,TV-14
s62,TV-PG
s63,TV-PG
s64,TV-PG
s65,TV-PG
s66,TV-Y
s67,TV-G
s68,TV-PG
s69,TV-14
s70,TV-PG
s71,TV-MA
s72,TV-Y
s73,TV-MA
s74,TV-MA
s75,TV-PG
s76,TV-G
s77,TV-14
s78,TV-Y7
s79,TV-14
s80,TV-14
s81,TV-Y7
s82,R
s83,TV-14
s84,TV-MA
s85,TV-MA
s86,TV-Y7
s87,TV-MA
s88,TV-Y
s89,PG-13
s90,TV-Y7
s91,TV-MA
s92,TV-14
s93,TV-MA
s94,TV-MA
s95,PG
s96,TV-MA
s97,TV-MA
s98,TV-Y7
s99,TV-Y
s100,TV-MA
s101,TV-Y7
s102,TV-MA
s103,TV-14
s1181,TV-Y7
s104,TV-MA
s105,TV-Y
s106,TV-14
s107,TV-G
s108,G
s109,TV-G
s110,TV-MA
s111,TV-MA
s112,TV-Y
s113,PG-13
s114,TV-PG
s115,TV-14
s116,PG
s117,TV-PG
s118,PG-13
s119,TV-14
s120,TV-MA
s121,TV-Y7
s122,TV-14
s123,R
s124,TV-Y7
s125,TV-Y7
s126,TV-MA
s127,TV-14
s128,PG
s129,PG-13
s130,PG-13
s131,TV-Y
s132,R
s133,TV-MA
s134,R
s135,PG-13
s136,R
s137,R
s138,PG
s139,PG-13
s140,R
s141,TV-MA
s142,R
s143,PG-13
s144,PG-13
s145,R
s146,R
s147,R
s148,TV-PG
s149,TV-14
s150,R
s151,R
s152,TV-14
s153,TV-MA
s154,TV-Y
s155,TV-MA
s156,PG
s157,PG
s158,TV-14
s159,PG-13
s160,TV-MA
s161,TV-PG
s162,PG-13
s163,PG-13
s164,R
s165,PG-13
s166,TV-MA
s167,R
s168,PG
s169,PG
s170,PG-13
s171,R
s172,PG-13
s173,PG-13
s174,PG-13
s175,R
s176,R
s177,PG-13
s178,TV-14
s179,R
s180,PG-13
s181,PG-13
s182,TV-14
s183,PG-13
s184,R
s185,TV-PG
s186,TV-MA
s187,TV-14
s188,TV-G
s189,TV-MA
s190,TV-Y
s191,TV-14
s192,R
s193,TV-14
s194,TV-MA
s195,TV-MA
s196,TV-14
s197,TV-14
s198,TV-Y7
s199,TV-MA
s200,TV-14
s201,TV-14
s202,TV-14
s203,TV-MA
s204,TV-MA
s205,TV-MA
s206,TV-14
s207,TV-MA
s208,TV-14
s209,TV-14
s210,TV-14
s211,TV-MA
s212,TV-MA
s213,TV-MA
s214,TV-PG
s215,R
s216,TV-MA
s217,TV-14
s218,TV-14
s219,TV-14
s220,TV-14
s221,TV-PG
s222,TV-14
s223,TV-MA
s224,TV-MA
s225,TV-14
s226,TV-MA
s227,TV-MA
s228,TV-MA
s229,R
s230,TV-MA
s231,TV-MA
s232,PG
s233,TV-G
s234,TV-MA
s235,TV-Y
s236,TV-PG
s237,TV-14
s238,TV-14
s239,TV-14
s240,TV-14
s241,TV-MA
s242,TV-14
s243,TV-MA
s244,TV-MA
s245,TV-14
s246,TV-PG
s247,TV-MA
s248,R
s249,TV-MA
s250,TV-Y7
s251,TV-PG
s252,PG-13
s253,TV-MA
s254,TV-14
s255,TV-Y
s256,TV-MA
s257,TV-14
s258,TV-14
s259,TV-MA
s260,TV-PG
s261,TV-MA
s262,TV-14
s263,TV-MA
s264,TV-Y
s265,R
s266,TV-14
s267,TV-MA
s268,R
s269,TV-MA
s270,TV-Y7
s271,TV-MA
s272,TV-MA
s273,TV-Y7
s274,TV-MA
s275,TV-MA
s276,TV-MA
s277,TV-MA
s278,TV-14
s279,TV-MA
s280,TV-PG
s281,TV-PG
s282,TV-14
s283,TV-MA
s284,PG-13
s285,TV-14
s286,R
s287,TV-Y
s288,TV-14
s289,TV-MA
s290,TV-14
s291,TV-MA
s292,TV-14
s293,PG-13
s294,TV-MA
s295,TV-PG
s296,PG-13
s297,TV-MA
s298,TV-MA
s299,TV-MA
s300,TV-14
s301,PG
s302,TV-14
s303,TV-MA
s304,TV-MA
s305,TV-14
s306,TV-MA
s307,TV-PG
s308,TV-MA
s309,TV-MA
s310,TV-PG
s311,TV-MA
s312,TV-MA
s313,TV-MA
s314,TV-14
s315,R
s316,TV-MA
s317,TV-14
s318,PG-13
s319,TV-MA
s320,TV-14
s321,TV-PG
s322,TV-14
s323,TV-MA
s324,TV-14
s325,TV-Y7
s326,PG
s327,PG
s328,PG-13
s329,R
s330,PG-13
s331,PG
s332,TV-MA
s333,R
s334,PG-13
s335,PG-13
s336,R
s337,TV-14
s338,R
s339,TV-14
s340,TV-14
s341,PG-13
s342,R
s343,PG-13
s344,PG-13
s345,PG
s346,PG
s347,R
s348,PG
s349,PG-13
s350,PG-13
s351,PG-13
s352,R
s353,R
s354,R
s355,R
s356,R
s357,PG-13
s358,R
s359,PG-13
s360,R
s361,PG-13
s362,TV-14
s363,TV-14
s364,R
s365,TV-Y7
s366,TV-14
s367,TV-14
s368,TV-14
s369,TV-14
s370,TV-14
s371,TV-MA
s372,TV-14
s373,TV-MA
s374,TV-MA
s375,TV-PG
s376,TV-14
s377,TV-Y7
s378,TV-MA
s379,TV-14
s380,TV-MA
s381,TV-14
s382,TV-MA
s383,TV-14
s384,TV-MA
s385,TV-14
s386,TV-MA
s387,TV-Y
s388,TV-14
s389,TV-MA
s390,TV-MA
s391,TV-MA
s392,TV-MA
s393,R
s394,PG
s395,TV-MA
s396,TV-MA
s397,TV-MA
s398,TV-MA
s399,TV-MA
s400,TV-PG
s401,TV-PG
s402,TV-MA
s403,TV-MA
s404,TV-MA
s405,TV-MA
s406,TV-Y
s407,TV-Y7
s408,TV-Y7
s409,TV-Y7
s410,TV-Y7
s411,TV-Y7
s412,TV-Y7
s413,TV-Y7
s414,TV-Y7
s415,TV-Y7
s416,TV-Y7
s417,TV-Y7
s418,TV-Y7
s419,TV-Y
s420,TV-Y7
s421,TV-Y7
s422,TV-Y7
s423,TV-Y7
s424,TV-Y7
s425,TV-Y7
s426,TV-14
s427,TV-MA
s428,TV-14
s429,TV-G
s430,TV-14
s431,TV-14
s432,TV-MA
s433,TV-Y7
s434,TV-MA
s435,TV-MA
s436,TV-MA
s437,TV-14
s438,R
s439,TV-PG
s440,TV-MA
s441,TV-MA
s442,R
s443,TV-Y7
s444,R
s445,TV-14
s446,R
s447,PG-13
s448,PG-13
s449,PG-13
s450,PG-13
s451,PG-13
s452,PG-13
s453,TV-PG
s454,TV-MA
s455,TV-MA
s456,TV-MA
s457,TV-14
s458,TV-PG
s459,TV-14
s460,TV-14
s461,PG
s462,TV-14
s463,TV-MA
s464,TV-MA
s465,R
s466,TV-MA
s467,TV-MA
s468,TV-MA
s469,TV-MA
s470,TV-MA
s471,TV-14
s472,TV-PG
s473,TV-Y
s474,TV-MA
s475,R
s476,TV-MA
s477,TV-MA
s478,TV-14
s479,TV-MA
s480,R
s481,TV-14
s482,TV-MA
s483,TV-MA
s484,TV-MA
s485,TV-G
s486,TV-14
s487,PG
s488,TV-MA
s489,TV-14
s490,TV-14
s491,TV-MA
s492,PG-13
s493,PG-13
s494,TV-MA
s495,R
s496,TV-MA
s497,PG-13
s498,TV-14
s499,TV-MA
s500,TV-PG
s501,TV-MA
s502,TV-MA
s503,TV-14
s504,TV-MA
s505,TV-MA
s506,TV-PG
s507,TV-G
s508,TV-14
s509,TV-MA
s510,TV-Y
s511,TV-14
s512,TV-MA
s513,TV-Y7
s514,TV-14
s515,TV-MA
s516,TV-MA
s517,TV-MA
s518,TV-14
s519,TV-14
s520,TV-MA
s521,TV-MA
s522,TV-MA
s523,TV-Y7
s524,TV-MA
s525,TV-MA
s526,TV-Y
s527,TV-MA
s528,TV-Y
s529,TV-14
s530,TV-MA
s531,TV-G
s532,TV-PG
s533,TV-MA
s534,TV-14
s535,TV-G
s536,TV-Y
s537,TV-14
s538,TV-14
s539,TV-PG
s540,TV-PG
s541,TV-G
s542,TV-14
s543,TV-14
s544,TV-MA
s545,TV-MA
s546,TV-Y
s547,TV-14
s548,TV-Y7
s549,TV-14
s550,TV-14
s551,R
s552,TV-MA
s553,TV-MA
s554,TV-MA
s555,TV-MA
s556,R
s557,TV-14
s558,PG-13
s559,R
s560,R
s561,PG-13
s562,PG-13
s563,PG-13
s564,PG-13
s565,R
s566,TV-G
s567,PG-13
s568,PG-13
s569,PG
s570,TV-14
s571,TV-14
s572,TV-MA
s573,PG-13
s574,PG
s575,PG
s576,PG-13
s577,R
s578,TV-MA
s579,PG-13
s580,R
s581,TV-14
s582,PG-13
s583,PG-13
s584,R
s585,R
s586,PG-13
s587,R
s1182,TV-PG
s588,TV-MA
s589,TV-Y
s590,R
s591,TV-Y7
s592,PG-13
s593,R
s594,PG
s595,PG-13
s596,PG
s597,R
s598,PG-13
s599,R
s600,PG-13
s601,R
s602,PG
s603,PG
s604,PG
s605,R
s606,R
s607,PG-13
s608,R
s609,PG-13
s610,PG-13
s611,R
s612,R
s613,R
s614,TV-MA
s615,PG-13
s616,R
s617,R
s618,TV-MA
s619,TV-MA
s620,TV-14
s621,TV-MA
s622,TV-14
s623,R
s624,TV-MA
s625,TV-MA
s626,TV-MA
s627,TV-MA
s628,TV-14
s629,TV-Y
s630,TV-14
s631,R
s632,TV-14
s633,TV-14
s634,TV-MA
s635,TV-14
s636,TV-MA
s637,PG-13
s638,TV-MA
s639,TV-MA
s640,TV-14
s641,TV-MA
s642,PG
s643,TV-MA
s644,R
s645,TV-MA
s646,TV-14
s647,TV-MA
s648,TV-G
s649,TV-MA
s650,TV-14
s651,TV-14
s652,TV-MA
s653,TV-14
s654,TV-MA
s655,TV-MA
s656,TV-MA
s657,TV-MA
s658,TV-14
s659,TV-14
s660,TV-14
s661,TV-14
s662,TV-MA
s663,TV-14
s664,TV-MA
s665,TV-Y
s666,TV-MA
s667,TV-14
s668,TV-14
s669,TV-MA
s670,TV-MA
s671,TV-14
s672,TV-MA
s673,TV-14
s674,TV-MA
s675,TV-MA
s676,TV-MA
s677,TV-14
s678,TV-MA
s679,TV-MA
s680,TV-MA
s681,TV-MA
s682,TV-MA
s683,TV-MA
s684,TV-MA
s685,TV-MA
s686,PG-13
s687,TV-14
s688,TV-MA
s689,TV-14
s690,TV-14
s691,TV-14
s692,TV-14
s693,TV-14
s694,TV-14
s695,TV-PG
s696,TV-14
s697,TV-MA
s698,TV-MA
s699,TV-MA
s700,TV-MA
s701,TV-MA
s702,TV-MA
s703,R
s704,TV-MA
s705,TV-14
s706,TV-14
s707,TV-MA
s708,TV-14
s709,PG-13
s710,TV-MA
s711,TV-PG
s712,TV-MA
s713,TV-MA
s714,TV-Y7
s715,TV-MA
s716,TV-MA
s717,TV-MA
s718,TV-G
s719,R
s720,TV-G
s721,TV-Y
s722,R
s723,TV-MA
s724,TV-G
s725,TV-14
s726,TV-MA
s727,TV-MA
s728,TV-MA
s729,TV-MA
s730,TV-MA
s731,TV-MA
s732,TV-14
s733,TV-MA
s734,TV-Y7
s735,TV-MA
s736,TV-PG
s737,PG
s738,TV-MA
s739,TV-14
s740,PG
s741,R
s742,TV-MA
s743,TV-MA
s744,TV-MA
s745,TV-MA
s746,TV-14
s747,TV-MA
s748,TV-MA
s749,TV-PG
s750,TV-MA
s751,TV-MA
s752,TV-Y7
s753,PG-13
s754,TV-MA
s755,R
s756,TV-G
s757,TV-MA
s758,TV-PG
s759,TV-MA
s760,TV-G
s761,TV-G
s762,TV-PG
s763,TV-14
s764,TV-14
s765,TV-14
s766,TV-MA
s767,TV-MA
s768,TV-14
s769,TV-MA
s770,TV-G
s771,TV-14
s772,TV-14
s773,TV-MA
s774,TV-MA
s775,PG-13
s776,TV-MA
s777,PG-13
s778,TV-MA
s779,TV-MA
s780,PG-13
s781,TV-Y
s782,TV-14
s783,R
s784,TV-MA
s785,TV-MA
s786,TV-Y
s787,R
s788,R
s789,PG-13
s790,TV-14
s791,TV-MA
s792,R
s793,PG
s794,PG-13
s795,TV-14
s796,TV-14
s797,R
s798,PG-13
s799,R
s800,PG-13
s801,TV-14
s802,R
s803,R
s804,TV-PG
s805,R
s806,TV-14
s807,TV-14
s808,TV-PG
s809,R
s810,PG-13
s811,PG
s812,TV-Y
s813,R
s814,TV-Y7
s815,PG
s816,TV-MA
s817,PG-13
s818,PG-13
s819,PG-13
s820,PG
s821,TV-14
s822,R
s823,R
s824,TV-MA
s825,R
s826,TV-MA
s827,TV-MA
s828,TV-14
s829,PG-13
s830,TV-Y7
s831,TV-MA
s832,TV-MA
s833,TV-14
s834,TV-MA
s835,TV-PG
s836,TV-PG
s837,TV-MA
s838,TV-MA
s839,TV-MA
s840,TV-MA
s841,TV-MA
s842,TV-MA
s843,TV-14
s844,TV-MA
s845,TV-MA
s846,TV-14
s847,PG
s848,TV-MA
s849,TV-MA
s850,TV-G
s851,TV-14
s852,TV-14
s853,TV-14
s854,R
s855,TV-MA
s856,TV-Y7
s857,TV-MA
s858,TV-MA
s859,TV-14
s860,TV-14
s861,TV-MA
s862,TV-Y7
s863,TV-MA
s864,PG
s865,TV-14
s866,R
s867,R
s868,PG-13
s869,TV-Y
s870,TV-MA
s871,TV-14
s872,TV-14
s873,R
s874,TV-MA
s875,TV-Y
s876,TV-MA
s877,TV-MA
s878,TV-MA
s879,TV-MA
s880,TV-MA
s881,TV-MA
s882,TV-MA
s883,TV-Y7
s884,TV-MA
s885,TV-MA
s886,TV-MA
s887,TV-14
s888,TV-MA
s889,TV-14
s890,R
s891,TV-MA
s892,R
s893,TV-MA
s894,TV-14
s895,TV-MA
s896,TV-14
s897,TV-14
s898,TV-14
s899,TV-14
s900,TV-MA
s901,TV-14
s902,TV-PG
s903,TV-14
s904,TV-MA
s905,R
s906,TV-14
s907,TV-MA
s908,TV-MA
s909,TV-MA
s910,TV-14
s911,TV-MA
s912,TV-Y7
s913,TV-14
s914,TV-PG
s915,TV-MA
s916,TV-MA
s917,R
s918,TV-MA
s919,TV-PG
s920,TV-MA
s921,TV-PG
s922,TV-MA
s923,TV-MA
s924,TV-Y
s925,PG
s926,TV-Y
s927,R
s928,TV-Y
s929,PG-13
s930,R
s931,R
s932,PG-13
s933,R
s934,G
s935,R
s936,PG
s937,TV-Y7
s938,TV-Y7
s939,TV-Y7
s940,TV-Y7
s941,TV-Y7
s942,TV-Y7
s943,R
s944,PG-13
s945,TV-MA
s946,TV-MA
s947,PG-13
s948,PG-13
s949,TV-14
s950,PG-13
s951,PG-13
s952,R
s953,R
s954,R
s955,TV-PG
s956,R
s957,R
s958,TV-PG
s959,TV-14
s960,TV-MA
s961,TV-MA
s962,PG
s963,R
s964,TV-MA
s965,TV-MA
s966,TV-MA
s967,TV-MA
s968,TV-G
s969,TV-MA
s970,R
s971,PG-13
s972,R
s973,TV-MA
s974,TV-PG
s975,TV-14
s976,TV-14
s977,TV-14
s978,TV-14
s979,TV-MA
s980,TV-MA
s981,TV-MA
s982,TV-MA
s983,TV-14
s984,TV-MA
s985,TV-MA
s986,TV-MA
s987,TV-14
s988,TV-MA
s989,TV-14
s990,TV-MA
s991,TV-MA
s992,TV-G
s993,TV-G
s994,TV-14
s995,TV-14
s996,TV-MA
s997,TV-MA
s998,TV-PG
s999,TV-14
s1000,TV-MA
s1001,TV-MA
s1002,TV-14
s1003,TV-MA
s1004,TV-MA
s1005,TV-Y
s1006,TV-Y
s1007,TV-Y7
s1008,TV-Y
s1009,TV-Y
s1010,TV-Y7
s1011,TV-Y7
s1012,TV-14
s1013,TV-MA
s1014,R
s1015,TV-Y
s1016,R
s1017,TV-MA
s1018,TV-MA
s1019,TV-14
s1020,PG
s1021,TV-14
s1022,TV-MA
s1023,PG
s1024,TV-MA
s1025,TV-Y7
s1026,TV-Y7
s1027,TV-Y
s1028,R
s1029,TV-14
s1030,TV-MA
s1031,TV-MA
s1032,TV-14
s1033,TV-14
s1034,R
s1035,R
s1036,PG-13
s1037,TV-14
s1038,TV-14
s1039,TV-PG
s1040,TV-MA
s1041,TV-MA
s1042,TV-MA
s1043,TV-PG
s1044,TV-14
s1045,TV-MA
s1046,TV-14
s1047,TV-14
s1048,TV-14
s1049,TV-Y
s1050,TV-Y
s1051,TV-MA
s1052,TV-Y7
s1053,R
s1054,TV-MA
s1055,TV-14
s1056,R
s1057,TV-PG
s1058,TV-14
s1059,TV-MA
s1060,TV-MA
s1061,TV-14
s1062,TV-MA
s1063,TV-14
s1064,TV-MA
s1065,TV-MA
s1066,TV-MA
s1067,TV-MA
s1068,TV-MA
s1069,TV-MA
s1070,TV-14
s1071,TV-MA
s1072,TV-Y7
s1073,TV-Y7
s1074,TV-Y7
s1075,TV-Y7
s1076,TV-PG
s1077,TV-Y7
s1078,TV-Y7
s1079,TV-Y
s1080,TV-PG
s1081,TV-14
s1082,TV-G
s1083,TV-14
s1084,R
s1085,TV-14
s1086,TV-MA
s1087,TV-MA
s1088,TV-14
s1089,PG-13
s1090,TV-MA
s1091,TV-PG
s1092,TV-MA
s1093,TV-PG
s1094,TV-14
s1095,TV-MA
s1096,TV-MA
s1097,TV-Y7
s1098,TV-MA
s1099,TV-14
s1100,TV-MA
s1101,TV-MA
s1102,PG
s1103,PG-13
s1104,R
s1105,TV-Y
s1106,R
s1107,R
s1108,TV-MA
s1109,TV-MA
s1110,TV-MA
s1111,TV-MA
s1112,PG-13
s1113,PG
s1114,PG-13
s1115,PG-13
s1116,TV-PG
s1117,TV-PG
s1118,TV-PG
s1119,PG-13
s1120,R
s1121,PG-13
s1122,PG-13
s1123,TV-14
s1124,TV-G
s1125,R
s1126,TV-MA
s1127,G
s1128,TV-MA
s1129,R
s1130,TV-PG
s1131,TV-14
s1132,TV-14
s1133,TV-14
s1134,R
s1135,R
s1136,PG-13
s1137,TV-14
s1138,TV-PG
s1139,R
s1140,PG-13
s1141,R
s1142,TV-14
s1143,TV-MA
s1144,TV-MA
s1145,PG-13
s1146,PG-13
s1147,TV-14
s1148,TV-MA
s1149,TV-Y
s1150,TV-Y7
s1151,TV-PG
s1152,TV-Y
s1153,TV-Y
s1154,PG-13
s1155,R
s1156,TV-PG
s1157,TV-PG
s1158,TV-MA
s1159,TV-G
s1160,TV-MA
s1161,TV-MA
s1162,TV-PG
s1163,TV-14
s1164,TV-MA
s1165,TV-MA
s1166,TV-PG
s1167,TV-14
s1168,TV-14
s1169,TV-MA
s1170,TV-Y7
s1171,TV-Y7
s1172,TV-14
s1173,TV-MA
s1174,TV-14
s1175,TV-14
s1176,PG-13
s1177,TV-MA
s1178,TV-MA
s1179,R
s1183,TV-MA
s1184,TV-G
s1185,TV-14
s1186,TV-MA
s1187,TV-MA
s1188,R
s1189,TV-14
s1190,TV-G
s1191,R
s1192,PG-13
s1193,TV-MA
s1194,TV-PG
s1195,TV-14
s1196,R
s1197,TV-14
s1198,PG-13
s1199,TV-MA
s1200,R
s1201,TV-Y
s1202,TV-14
s1203,TV-14
s1204,PG
s1205,TV-14
s1206,TV-MA
s1207,TV-G
s1208,TV-14
s1209,TV-MA
s1210,TV-G
s1211,TV-MA
s1212,TV-14
s1213,TV-MA
s1214,TV-MA
s1215,TV-MA
s1216,TV-MA
s1217,TV-MA
s1218,TV-MA
s1219,PG
s1220,TV-PG
s1221,TV-MA
s1222,TV-14
s1223,TV-MA
s1224,TV-MA
s1225,TV-MA
s1226,TV-G
s1227,TV-14
s1228,TV-MA
s1229,PG-13
s1230,TV-14
s1231,TV-14
s1232,TV-Y7
s1233,TV-MA
s1234,TV-14
s1235,TV-MA
s1236,TV-Y7
s1237,TV-MA
s1238,TV-14
s1239,TV-14
s1240,R
s1241,PG-13
s1242,PG-13
s1243,TV-14
s1244,PG-13
s1245,TV-14
s1246,TV-Y
s1247,TV-MA
s1248,TV-PG
s1249,R
s1250,TV-MA
s1251,TV-G
s1252,PG-13
s1253,TV-14
s1254,TV-Y
s1255,R
s1256,TV-14
s1257,R
s1258,TV-14
s1259,TV-Y7
s1260,R
s1261,TV-MA
s1262,TV-MA
s1263,TV-MA
s1264,R
s1265,R
s1266,TV-MA
s1267,TV-MA
s1268,TV-MA
s1269,TV-MA
s1270,TV-PG
s1271,TV-MA
s1272,TV-MA
s1273,TV-MA
s1274,TV-14
s1275,TV-PG
s1276,TV-14
s1277,TV-MA
s1278,TV-14
s1279,TV-G
s1280,TV-14
s1281,TV-14
s1282,TV-14
s1283,TV-MA
s1284,R
s1285,R
s1286,TV-14
s1287,TV-MA
s1288,TV-14
s1289,PG-13
s1290,TV-G
s1291,R
s1292,TV-14
s1293,TV-PG
s1294,TV-MA
s1295,TV-MA
s1296,TV-MA
s1297,TV-14
s1298,TV-14
s1299,TV-14
s1300,TV-MA
s1301,TV-MA
s1302,TV-MA
s1303,TV-14
s1304,TV-PG
s1305,TV-PG
s1306,TV-14
s1307,TV-MA
s1308,PG
s1309,TV-Y7
s1310,TV-14
s1311,TV-14
s1312,TV-14
s1313,TV-MA
s1314,TV-14
s1315,TV-MA
s1316,TV-MA
s1317,TV-MA
s1318,TV-G
s1319,TV-14
s1320,TV-Y7
s1321,TV-MA
s1322,TV-MA
s1323,TV-14
s1324,TV-14
s1325,R
s1326,TV-MA
s1327,TV-14
s1328,TV-MA
s1329,TV-MA
s1330,TV-MA
s1331,PG
s1332,TV-MA
s1333,TV-G
s1334,R
s1335,TV-14
s1336,TV-MA
s1337,TV-MA
s1338,TV-PG
s1339,TV-MA
s1340,TV-MA
s1341,TV-14
s1342,R
s1343,TV-MA
s1344,R
s1345,TV-MA
s1346,TV-14
s1347,TV-MA
s1348,TV-MA
s1349,TV-MA
s1350,TV-MA
s1351,TV-Y7
s1352,TV-PG
s1353,TV-MA
s1354,PG-13
s1355,TV-14
s1356,TV-14
s1357,TV-14
s1358,TV-MA
s1359,R
s1360,R
s1361,TV-MA
s1362,TV-14
s1363,TV-PG
s1364,TV-14
s1365,PG
s1366,TV-Y7
s1367,PG-13
s1368,R
s1369,TV-MA
s1370,PG
s1371,PG-13
s1372,TV-14
s1373,TV-PG
s1374,TV-MA
s1375,TV-14
s1376,TV-MA
s1377,TV-MA
s1378,TV-MA
s1379,TV-14
s1380,TV-14
s1381,TV-Y
s1382,TV-14
s1383,TV-PG
s1384,TV-14
s1385,TV-14
s1386,TV-14
s1387,TV-MA
s1388,PG-13
s1389,R
s1390,R
s1391,R
s1392,R
s1393,TV-MA
s1394,TV-14
s1395,TV-MA
s1396,TV-Y
s1397,R
s1398,PG-13
s1399,R
s1400,TV-14
s1401,TV-MA
s1402,TV-Y7
s1403,TV-14
s1404,TV-G
s1405,TV-G
s1406,R
s1407,PG
s1408,TV-Y
s1409,TV-MA
s1410,R
s1411,TV-MA
s1412,TV-14
s1413,TV-PG
s1414,TV-MA
s1415,TV-14
s1416,R
s1417,TV-MA
s1418,TV-MA
s1419,TV-MA
s1420,TV-MA
s1421,TV-MA
s1422,R
s1423,TV-14
s1424,TV-14
s1425,TV-Y7
s1426,TV-14
s1427,TV-MA
s1428,TV-MA
s1429,TV-MA
s1430,TV-Y
s1431,TV-14
s1432,TV-MA
s1433,TV-14
s1434,TV-14
s1435,PG
s1436,R
s1437,TV-MA
s1438,TV-MA
s1439,TV-14
s1440,TV-MA
s1441,TV-PG
s1442,TV-14
s1443,TV-G
s1444,TV-14
s1445,PG-13
s1446,TV-14
s1447,TV-MA
s1448,R
s1449,TV-14
s1450,TV-G
s1451,R
s1452,TV-Y
s1453,PG-13
s1454,PG
s1455,PG-13
s1456,TV-G
s1457,R
s1458,TV-MA
s1459,R
s1460,PG-13
s1461,TV-MA
s1462,R
s1463,TV-Y7
s1464,TV-Y
s1465,TV-14
s1466,TV-G
s1467,TV-14
s1468,PG-13
s1469,TV-MA
s1470,PG-13
s1471,TV-MA
s1472,TV-MA
s1473,TV-14
s1474,TV-14
s1475,TV-PG
s1476,TV-14
s1477,TV-G
s1478,TV-MA
s1479,TV-MA
s1480,TV-MA
s1481,TV-14
s1482,TV-MA
s1483,TV-Y7
s1484,TV-PG
s1485,PG-13
s1486,PG
s1487,TV-MA
s1488,TV-MA
s1489,TV-MA
s1490,TV-PG
s1491,TV-Y
s1492,TV-MA
s1493,TV-MA
s1494,TV-G
s1495,PG
s1496,TV-MA
s1497,TV-G
s1498,TV-14
s1499,TV-14
s1500,PG-13
s1501,TV-MA
s1502,R
s1503,TV-MA
s1504,TV-14
s1505,TV-14
s1506,TV-Y
s1507,TV-Y
s1508,TV-Y
s1509,TV-Y
s1510,TV-MA
s1511,R
s1512,TV-14
s1513,TV-MA
s1514,PG-13
s1515,TV-MA
s1516,R
s1517,TV-MA
s1518,R
s1519,TV-PG
s1520,TV-PG
s1521,TV-MA
s1522,TV-PG
s1523,TV-14
s1524,TV-14
s1525,R
s1526,TV-14
s1527,TV-14
s1528,TV-Y
s1529,TV-MA
s1530,TV-14
s1531,TV-MA
s1532,TV-PG
s1533,TV-MA
s1534,TV-MA
s1535,TV-MA
s1536,TV-MA
s1537,PG-13
s1538,PG-13
s1539,TV-14
s1540,TV-14
s1541,R
s1542,TV-MA
s1543,TV-MA
s1544,TV-14
s1545,R
s1546,TV-Y
s1547,TV-MA
s1548,TV-14
s1549,TV-14
s1550,TV-14
s1551,PG-13
s1552,TV-Y7
s1553,TV-MA
s1554,TV-MA
s1555,TV-14
s1556,TV-Y
s1557,TV-Y
s1558,G
s1559,PG-13
s1560,TV-MA
s1561,PG-13
s1562,TV-MA
s1563,TV-MA
s1564,TV-MA
s1565,TV-14
s1566,TV-G
s1567,TV-14
s1568,TV-MA
s1569,TV-MA
s1570,TV-14
s1571,TV-14
s1572,TV-14
s1573,TV-G
s1574,TV-PG
s1575,TV-14
s1576,TV-PG
s1577,PG
s1578,TV-MA
s1579,TV-PG
s1580,TV-14
s1581,TV-Y7
s1582,TV-Y
s1583,R
s1584,TV-14
s1585,R
s1586,TV-14
s1587,TV-MA
s1588,TV-MA
s1589,TV-Y
s1590,TV-MA
s1591,TV-MA
s1592,TV-Y7
s1593,TV-MA
s1594,TV-MA
s1595,TV-MA
s1596,R
s1597,TV-MA
s1598,TV-PG
s1599,TV-14
s1600,TV-MA
s1601,TV-Y
s1602,TV-MA
s1603,TV-14
s1604,TV-PG
s1605,TV-MA
s1606,TV-14
s1607,TV-MA
s1608,TV-MA
s1609,PG-13
s1610,TV-Y
s1611,PG-13
s1612,TV-14
s1613,R
s1614,PG-13
s1615,TV-Y
s1616,TV-14
s1617,PG
s1618,TV-MA
s1619,TV-Y
s1620,TV-Y
s1621,R
s1622,PG-13
s1623,TV-MA
s1624,TV-14
s1625,PG-13
s1626,TV-14
s1627,R
s1628,TV-PG
s1629,TV-PG
s1630,TV-MA
s1631,TV-PG
s1632,R
s1633,TV-Y
s1634,TV-MA
s1635,TV-14
s1636,TV-Y
s1637,TV-PG
s1638,TV-MA
s1639,TV-MA
s1640,TV-14
s1641,TV-MA
s1642,TV-14
s1643,TV-MA
s1644,TV-MA
s1645,TV-PG
s1646,TV-14
s1647,TV-MA
s1648,TV-14
s1649,R
s1650,TV-MA
s1651,TV-PG
s1652,PG
s1653,TV-14
s1654,TV-14
s1655,TV-MA
s1656,TV-Y
s1657,R
s1658,TV-MA
s1659,TV-14
s1660,R
s1661,TV-MA
s1662,TV-MA
s1663,TV-14
s1664,TV-PG
s1665,R
s1666,TV-14
s1667,TV-Y
s1668,TV-G
s1669,TV-14
s1670,PG
s1671,TV-MA
s1672,TV-PG
s1673,TV-PG
s1674,TV-MA
s1675,TV-14
s1676,TV-14
s1677,TV-14
s1678,TV-14
s1679,TV-MA
s1680,TV-14
s1681,TV-14
s1682,TV-G
s1683,TV-G
s1684,TV-14
s1685,TV-G
s1686,TV-PG
s1687,TV-MA
s1688,TV-Y7
s1689,TV-MA
s1690,PG-13
s1691,R
s1692,TV-G
s1693,TV-14
s1694,TV-Y
s1695,PG
s1696,TV-G
s1697,TV-Y
s1698,TV-14
s1699,TV-MA
s1700,TV-G
s1701,TV-14
s1702,TV-MA
s1703,TV-Y7
s1704,PG
s1705,TV-PG
s1706,PG-13
s1707,TV-MA
s1708,TV-G
s1709,TV-MA
s1710,TV-MA
s1711,R
s1712,TV-MA
s1713,TV-MA
s1714,TV-MA
s1715,PG-13
s1716,TV-14
s1717,TV-MA
s1718,TV-MA
s1719,TV-MA
s8071,TV-Y
s1720,TV-14
s1721,TV-MA
s1722,TV-14
s1723,TV-14
s1724,TV-Y7
s1725,TV-PG
s1726,TV-MA
s1727,TV-PG
s1728,TV-MA
s1729,TV-MA
s1730,R
s1731,TV-MA
s1732,TV-MA
s1733,TV-14
s1734,TV-14
s1735,TV-G
s1736,TV-14
s1737,TV-G
s1738,TV-14
s1739,TV-G
s1740,TV-PG
s1741,TV-MA
s1742,TV-PG
s1743,TV-MA
s1744,TV-14
s1745,TV-PG
s1746,TV-PG
s1747,TV-MA
s1748,R
s1749,TV-MA
s1750,TV-PG
s1751,TV-14
s1752,TV-Y
s1753,TV-Y
s1754,PG
s1755,TV-14
s1756,TV-14
s1757,TV-Y
s1758,TV-Y
s1759,TV-Y7
s1760,TV-Y7
s1761,TV-Y
s1762,PG
s1763,R
s1764,R
s1765,R
s1766,TV-Y
s1767,TV-MA
s1768,PG-13
s1769,PG
s1770,TV-14
s1771,R
s1772,TV-PG
s1773,TV-MA
s1774,TV-PG
s1775,TV-14
s1776,TV-14
s1777,TV-14
s1778,TV-14
s1779,TV-Y
s1780,TV-14
s1781,TV-MA
s1782,TV-14
s1783,TV-MA
s1784,TV-MA
s1785,TV-14
s1786,TV-MA
s1787,TV-14
s1788,R
s1789,TV-MA
s1790,TV-PG
s1791,TV-MA
s1792,TV-Y
s1793,TV-14
s1794,TV-MA
s1795,TV-14
s1796,TV-14
s1797,R
s1798,TV-MA
s1799,TV-MA
s1800,TV-MA
s1801,TV-MA
s1802,PG
s1803,TV-14
s1804,TV-MA
s1805,TV-MA
s1806,TV-MA
s1807,TV-MA
s1808,TV-MA
s1809,PG-13
s1810,TV-14
s1811,R
s1812,R
s1813,TV-PG
s1814,TV-MA
s1815,PG-13
s1816,TV-Y
s1817,PG-13
s1818,TV-14
s1819,TV-14
s1820,TV-MA
s1821,TV-14
s1822,TV-MA
s1823,TV-MA
s1824,TV-MA
s1825,TV-MA
s1826,TV-MA
s1827,TV-14
s1828,TV-MA
s1829,TV-MA
s1830,TV-MA
s1831,TV-14
s1832,TV-14
s1833,TV-MA
s1834,PG
s1835,TV-14
s1836,R
s1837,TV-MA
s1838,TV-MA
s1839,R
s1840,TV-MA
s1841,TV-MA
s1842,TV-Y7
s1843,R
s1844,R
s1845,TV-PG
s1846,R
s1847,TV-14
s1848,TV-Y
s1849,TV-14
s1850,TV-PG
s1851,TV-14
s1852,TV-14
s1853,TV-Y7
s1854,TV-PG
s1855,TV-MA
s1856,TV-14
s1857,TV-14
s1858,TV-MA
s1859,TV-14
s1860,TV-Y
s1861,TV-MA
s1862,TV-14
s1863,TV-14
s1864,TV-MA
s1865,TV-Y7
s1866,TV-14
s1867,TV-14
s1868,TV-MA
s1869,TV-MA
s1870,TV-MA
s1871,TV-MA
s1872,TV-Y
s1873,R
s1874,TV-MA
s1875,TV-MA
s1876,TV-14
s1877,TV-MA
s1878,TV-14
s1879,TV-MA
s1880,PG-13
s1881,TV-MA
s1882,R
s1883,TV-14
s1884,TV-Y
s1885,TV-14
s1886,TV-14
s1887,PG
s1888,TV-MA
s1889,TV-14
s1890,TV-Y
s1891,TV-Y
s1892,TV-14
s1893,TV-Y
s1894,TV-PG
s1895,TV-MA
s1896,TV-PG
s1897,TV-MA
s1898,TV-MA
s1899,TV-MA
s1900,TV-MA
s1901,PG-13
s1902,TV-MA
s1903,TV-PG
s1904,R
s1905,TV-14
s1906,TV-MA
s1907,TV-14
s1908,TV-MA
s1909,TV-MA
s1910,R
s1911,TV-MA
s1912,TV-14
s1913,PG-13
s1914,TV-MA
s1915,TV-MA
s1916,TV-MA
s1917,PG-13
s1918,TV-MA
s1919,TV-MA
s1920,TV-PG
s1921,TV-14
s1922,R
s1923,TV-PG
s1924,TV-14
s1925,TV-14
s1926,TV-MA
s1927,TV-MA
s1928,TV-PG
s1929,TV-MA
s1930,TV-PG
s1931,TV-MA
s1932,R
s1933,TV-MA
s1934,TV-MA
s1935,PG-13
s1936,TV-MA
s1937,R
s1938,PG-13
s1939,TV-PG
s1940,TV-14
s1941,TV-MA
s1942,TV-PG
s1943,TV-14
s1944,TV-14
s1945,TV-14
s1946,TV-14
s1947,TV-PG
s1948,TV-PG
s1949,TV-MA
s1950,TV-14
s1951,TV-14
s1952,TV-14
s1953,TV-Y
s1954,TV-MA
s1955,TV-MA
s1956,TV-MA
s1957,TV-MA
s1958,PG-13
s1959,TV-MA
s1960,PG-13
s1961,TV-G
s1962,TV-MA
s1963,TV-PG
s1964,TV-PG
s1965,TV-MA
s1966,TV-MA
s1967,TV-MA
s1968,TV-MA
s1969,TV-MA
s1970,TV-MA
s1971,TV-MA
s1972,TV-14
s1973,TV-14
s1974,TV-Y
s1975,TV-MA
s1976,TV-14
s1977,TV-MA
s1978,TV-MA
s1979,TV-MA
s1980,TV-G
s1981,TV-14
s1982,TV-14
s1983,TV-14
s1984,TV-MA
s1985,TV-MA
s1986,TV-Y
s1987,TV-14
s1988,TV-MA
s1989,TV-MA
s1990,TV-MA
s1991,TV-14
s1992,TV-MA
s1993,TV-MA
s1994,TV-MA
s1995,TV-PG
s1996,R
s1997,TV-MA
s1998,R
s1999,TV-MA
s2000,TV-PG
s2001,TV-MA
s2002,R
s2003,TV-MA
s2004,PG
s2005,PG
s2006,TV-MA
s2007,TV-Y
s2008,TV-14
s2009,TV-MA
s2010,TV-14
s2011,PG
s2012,TV-Y7
s2013,TV-MA
s2014,TV-MA
s2015,TV-14
s2016,TV-14
s2017,TV-14
s2018,TV-14
s2019,TV-PG
s2020,TV-PG
s2021,TV-G
s2022,TV-14
s2023,TV-G
s2024,TV-MA
s2025,TV-MA
s2026,TV-14
s2027,TV-14
s2028,TV-G
s2029,TV-14
s2030,TV-MA
s2031,TV-14
s2032,TV-MA
s2033,TV-PG
s2034,TV-MA
s2035,TV-14
s2036,PG-13
s2037,TV-MA
s2038,TV-14
s2039,TV-G
s2040,TV-MA
s2041,TV-Y7
s2042,PG
s2043,TV-MA
s2044,R
s2045,TV-14
s2046,R
s2047,TV-14
s2048,TV-Y7
s2049,TV-MA
s2050,TV-14
s2051,TV-MA
s2052,TV-PG
s2053,TV-PG
s2054,TV-MA
s2055,TV-14
s2056,TV-MA
s2057,PG
s2058,TV-G
s2059,TV-MA
s2060,PG-13
s2061,TV-14
s2062,TV-Y
s2063,TV-MA
s2064,TV-Y
s2065,TV-MA
s2066,TV-PG
s2067,TV-14
s2068,TV-14
s2069,TV-MA
s2070,TV-MA
s2071,TV-Y7
s2072,PG
s2073,R
s2074,TV-PG
s2075,TV-14
s2076,TV-MA
s2077,TV-Y7
s2078,TV-MA
s2079,TV-14
s2080,PG
s2081,TV-Y
s2082,TV-Y
s2083,TV-14
s2084,TV-MA
s2085,PG
s2086,TV-MA
s2087,TV-MA
s2088,TV-MA
s2089,TV-MA
s2090,TV-14
s2091,TV-MA
s2092,TV-MA
s2093,PG-13
s2094,TV-MA
s2095,TV-MA
s2096,TV-MA
s2097,TV-MA
s2098,PG-13
s2099,TV-Y
s2100,TV-MA
s2101,PG-13
s2102,TV-MA
s2103,TV-G
s2104,TV-14
s2105,TV-MA
s2106,TV-MA
s2107,TV-14
s2108,TV-PG
s2109,TV-MA
s2110,TV-PG
s2111,TV-MA
s2112,TV-14
s2113,TV-14
s2114,TV-14
s2115,TV-Y7
s2116,R
s2117,TV-PG
s2118,TV-PG
s2119,TV-Y7
s2120,TV-PG
s2121,PG-13
s2122,PG-13
s2123,TV-MA
s2124,TV-PG
s2125,TV-MA
s2126,TV-14
s2127,TV-PG
s2128,TV-MA
s2129,TV-G
s2130,TV-Y7
s2131,TV-MA
s2132,TV-Y
s2133,R
s2134,TV-MA
s2135,TV-MA
s2136,TV-Y7
s2137,TV-Y7
s2138,TV-MA
s2139,R
s2140,TV-MA
s2141,TV-MA
s2142,TV-14
s2143,PG
s2144,TV-MA
s2145,TV-G
s2146,TV-MA
s2147,PG-13
s2148,TV-14
s2149,TV-14
s2150,R
s2151,TV-MA
s2152,TV-MA
s2153,TV-MA
s2154,TV-PG
s2155,TV-14
s2156,TV-Y
s2157,TV-PG
s2158,TV-Y7
s2159,TV-Y
s2160,TV-14
s2161,TV-Y7
s2162,TV-PG
s2163,TV-MA
s2164,TV-14
s2165,TV-14
s2166,TV-14
s2167,TV-Y
s2168,TV-G
s2169,TV-PG
s2170,TV-MA
s2171,TV-MA
s2172,TV-MA
s2173,R
s2174,TV-PG
s2175,TV-G
s2176,TV-14
s2177,R
s2178,TV-Y
s2179,TV-G
s2180,R
s2181,TV-14
s2182,TV-Y
s2183,TV-MA
s2184,R
s2185,TV-PG
s2186,TV-Y
s2187,TV-MA
s2188,TV-MA
s2189,TV-G
s2190,TV-PG
s2191,TV-14
s2192,TV-MA
s2193,TV-Y7
s2194,TV-MA
s2195,TV-MA
s2196,TV-MA
s2197,TV-MA
s2198,TV-MA
s2199,TV-MA
s2200,TV-PG
s2201,TV-MA
s2202,TV-MA
s2203,TV-MA
s2204,TV-MA
s2205,TV-14
s2206,TV-14
s2207,TV-MA
s2208,TV-Y7
s2209,TV-Y
s2210,TV-MA
s2211,TV-MA
s2212,TV-MA
s2213,TV-G
s2214,TV-14
s2215,TV-14
s2216,TV-Y7
s2217,TV-PG
s2218,TV-MA
s2219,TV-MA
s2220,TV-MA
s2221,TV-MA
s2222,TV-MA
s2223,TV-PG
s2224,TV-MA
s2225,TV-14
s2226,TV-Y
s2227,TV-MA
s2228,TV-MA
s2229,R
s2230,TV-14
s2231,TV-MA
s2232,TV-MA
s2233,TV-14
s2234,TV-MA
s2235,TV-14
s2236,TV-MA
s2237,TV-Y7
s2238,TV-MA
s2239,TV-Y
s2240,TV-14
s2241,TV-MA
s2242,TV-MA
s2243,TV-MA
s2244,TV-MA
s2245,TV-MA
s2246,TV-14
s2247,TV-PG
s2248,TV-14
s2249,TV-14
s2250,TV-Y7
s2251,R
s2252,TV-MA
s2253,TV-G
s2254,TV-MA
s2255,TV-MA
s2256,TV-14
s2257,R
s2258,TV-14
s2259,TV-MA
s2260,R
s2261,PG
s2262,TV-MA
s2263,TV-MA
s2264,TV-MA
s2265,TV-14
s2266,TV-14
s2267,TV-14
s2268,TV-MA
s2269,TV-14
s2270,TV-MA
s2271,TV-14
s2272,TV-PG
s2273,TV-14
s2274,TV-14
s2275,TV-14
s2276,TV-MA
s2277,TV-MA
s2278,TV-14
s2279,TV-PG
s2280,TV-MA
s2281,TV-MA
s2282,TV-PG
s2283,TV-14
s2284,TV-MA
s2285,TV-14
s2286,TV-14
s2287,TV-MA
s2288,TV-MA
s2289,TV-MA
s2290,TV-PG
s2291,TV-14
s2292,TV-14
s2293,TV-Y7
s2294,TV-MA
s2295,TV-MA
s2296,TV-MA
s2297,PG-13
s2298,TV-MA
s2299,TV-PG
s2300,TV-G
s2301,TV-MA
s2302,TV-G
s2303,TV-MA
s2304,TV-MA
s2305,TV-14
s2306,TV-MA
s2307,TV-MA
s2308,TV-Y
s2309,TV-MA
s2310,TV-MA
s2311,TV-MA
s2312,R
s2313,TV-MA
s2314,TV-14
s2315,PG-13
s2316,TV-MA
s2317,TV-14
s2318,R
s2319,TV-Y
s2320,TV-MA
s2321,TV-14
s2322,TV-MA
s2323,TV-MA
s2324,TV-14
s2325,TV-G
s2326,TV-MA
s2327,TV-14
s2328,TV-MA
s2329,PG
s2330,TV-MA
s2331,PG-13
s2332,TV-MA
s2333,TV-14
s2334,TV-MA
s2335,TV-MA
s2336,TV-14
s2337,TV-14
s2338,TV-G
s2339,TV-MA
s2340,TV-14
s2341,TV-14
s2342,PG-13
s2343,TV-MA
s2344,TV-PG
s2345,TV-MA
s2346,TV-MA
s2347,TV-14
s2348,TV-14
s2349,TV-PG
s2350,TV-MA
s2351,R
s2352,TV-MA
s2353,TV-14
s2354,TV-MA
s2355,TV-14
s2356,TV-MA
s2357,TV-G
s2358,TV-PG
s2359,TV-MA
s8072,R
s2360,TV-MA
s2361,TV-MA
s2362,TV-14
s2363,TV-MA
s2364,TV-MA
s2365,TV-PG
s2366,TV-MA
s2367,TV-MA
s2368,TV-MA
s2369,TV-14
s2370,TV-14
s2371,TV-PG
s2372,TV-14
s2373,TV-G
s2374,TV-MA
s2375,TV-MA
s2376,TV-14
s2377,TV-MA
s2378,PG
s2379,TV-MA
s2380,R
s2381,TV-PG
s2382,TV-14
s2383,PG-13
s2384,TV-PG
s2385,TV-MA
s2386,PG
s2387,TV-14
s2388,TV-MA
s2389,TV-G
s2390,TV-14
s2391,TV-14
s2392,TV-14
s2393,TV-MA
s2394,R
s2395,TV-MA
s2396,TV-MA
s2397,TV-MA
s2398,TV-MA
s2399,PG
s2400,TV-14
s2401,TV-MA
s2402,TV-MA
s2403,TV-MA
s2404,TV-14
s2405,TV-MA
s2406,TV-14
s2407,TV-MA
s2408,R
s2409,TV-MA
s2410,TV-MA
s2411,TV-MA
s2412,PG-13
s2413,TV-MA
s2414,TV-14
s2415,TV-14
s2416,TV-MA
s2417,R
s2418,TV-MA
s2419,TV-14
s2420,PG-13
s2421,TV-14
s2422,TV-MA
s2423,TV-14
s2424,TV-14
s2425,TV-MA
s2426,TV-MA
s2427,TV-MA
s2428,TV-14
s2429,TV-MA
s2430,TV-MA
s2431,R
s2432,TV-G
s2433,TV-14
s2434,TV-14
s2435,TV-14
s2436,TV-14
s2437,TV-14
s2438,TV-MA
s2439,TV-14
s2440,TV-14
s2441,TV-Y
s2442,TV-PG
s2443,TV-14
s2444,TV-MA
s2445,TV-Y7
s2446,TV-14
s2447,TV-G
s2448,TV-MA
s2449,TV-PG
s2450,TV-MA
s2451,TV-MA
s2452,PG
s2453,TV-MA
s2454,TV-MA
s2455,R
s2456,TV-14
s2457,TV-14
s2458,TV-PG
s2459,TV-MA
s2460,TV-MA
s2461,TV-MA
s2462,TV-MA
s2463,TV-MA
s2464,TV-14
s2465,TV-14
s2466,TV-MA
s2467,TV-G
s2468,TV-MA
s2469,TV-MA
s2470,TV-14
s2471,TV-14
s2472,R
s2473,TV-MA
s2474,TV-14
s2475,TV-G
s2476,TV-G
s2477,TV-14
s2478,TV-MA
s2479,PG
s2480,R
s2481,TV-MA
s2482,TV-G
s2483,TV-14
s2484,TV-14
s2485,TV-PG
s2486,TV-14
s2487,TV-MA
s2488,TV-14
s2489,TV-14
s2490,TV-14
s2491,TV-14
s2492,TV-14
s2493,TV-PG
s2494,TV-MA
s2495,TV-PG
s2496,TV-14
s2497,TV-MA
s2498,TV-14
s2499,TV-MA
s2500,TV-14
s2501,TV-MA
s2502,TV-PG
s2503,TV-14
s2504,TV-14
s2505,TV-14
s2506,TV-PG
s2507,TV-14
s2508,TV-MA
s2509,TV-14
s2510,TV-14
s2511,TV-14
s2512,PG
s2513,TV-PG
s2514,TV-14
s2515,TV-PG
s2516,TV-MA
s2517,TV-MA
s2518,TV-14
s2519,TV-14
s2520,TV-Y7
s2521,TV-MA
s2522,TV-MA
s2523,TV-MA
s2524,TV-PG
s2525,TV-14
s2526,TV-MA
s2527,TV-Y7
s2528,TV-MA
s2529,TV-MA
s2530,TV-Y
s2531,TV-MA
s2532,TV-14
s2533,TV-14
s2534,TV-G
s2535,TV-MA
s2536,TV-14
s2537,TV-MA
s2538,TV-14
s2539,TV-PG
s2540,TV-14
s2541,TV-MA
s2542,TV-14
s2543,TV-Y
s2544,TV-14
s2545,TV-PG
s2546,TV-14
s2547,TV-MA
s2548,TV-MA
s2549,TV-MA
s2550,R
s2551,TV-MA
s2552,TV-MA
s2553,TV-14
s2554,TV-MA
s2555,TV-Y7
s2556,TV-14
s2557,TV-14
s2558,TV-MA
s2559,TV-PG
s2560,PG
s2561,TV-MA
s2562,TV-PG
s2563,PG
s2564,TV-G
s2565,TV-14
s2566,TV-MA
s2567,PG-13
s2568,TV-14
s2569,TV-PG
s2570,TV-PG
s2571,PG
s2572,TV-14
s2573,PG
s2574,R
s2575,TV-PG
s2576,TV-14
s2577,R
s2578,TV-MA
s2579,TV-MA
s2580,TV-Y
s2581,TV-MA
s2582,TV-MA
s2583,PG
s2584,TV-Y
s2585,TV-14
s2586,TV-MA
s2587,TV-PG
s2588,TV-MA
s2589,TV-G
s2590,TV-MA
s2591,TV-MA
s2592,PG-13
s2593,R
s2594,TV-Y
s2595,TV-Y
s2596,TV-Y
s2597,PG
s2598,TV-14
s2599,TV-14
s2600,TV-MA
s2601,TV-PG
s2602,TV-14
s2603,TV-MA
s2604,TV-MA
s2605,TV-14
s2606,TV-PG
s2607,TV-MA
s2608,TV-14
s2609,TV-MA
s2610,TV-G
s2611,TV-14
s2612,TV-MA
s2613,TV-MA
s2614,TV-MA
s2615,TV-MA
s2616,TV-14
s2617,TV-MA
s2618,TV-MA
s2619,TV-MA
s2620,TV-MA
s2621,TV-14
s2622,TV-14
s2623,PG-13
s2624,TV-14
s2625,TV-14
s2626,TV-MA
s2627,TV-MA
s2628,TV-PG
s2629,TV-MA
s2630,TV-14
s2631,TV-MA
s2632,TV-14
s2633,TV-MA
s2634,TV-14
s2635,PG-13
s2636,TV-14
s2637,TV-14
s2638,TV-14
s2639,TV-14
s2640,TV-14
s2641,TV-MA
s2642,TV-PG
s2643,TV-14
s2644,TV-MA
s2645,TV-MA
s2646,TV-14
s2647,TV-G
s2648,TV-14
s2649,TV-MA
s2650,TV-14
s2651,TV-MA
s2652,TV-PG
s2653,TV-MA
s2654,TV-MA
s2655,TV-MA
s2656,TV-MA
s2657,PG
s2658,TV-14
s2659,TV-14
s2660,TV-MA
s2661,TV-MA
s2662,TV-MA
s2663,TV-MA
s2664,TV-14
s2665,TV-Y
s2666,TV-14
s2667,TV-MA
s2668,TV-MA
s2669,TV-MA
s2670,TV-MA
s2671,TV-MA
s2672,TV-MA
s2673,R
s2674,TV-MA
s2675,TV-MA
s2676,TV-MA
s2677,TV-MA
s2678,PG-13
s2679,PG
s2680,TV-MA
s2681,R
s2682,TV-G
s2683,TV-14
s2684,TV-PG
s2685,TV-MA
s2686,TV-MA
s2687,TV-MA
s2688,TV-14
s2689,TV-14
s2690,TV-14
s2691,TV-MA
s2692,TV-MA
s2693,TV-MA
s2694,TV-MA
s2695,TV-MA
s2696,TV-G
s2697,TV-MA
s2698,PG
s2699,TV-14
s2700,TV-MA
s2701,TV-MA
s2702,PG
s2703,TV-MA
s2704,TV-MA
s2705,R
s2706,TV-MA
s2707,R
s2708,R
s2709,TV-MA
s2710,TV-MA
s2711,TV-14
s2712,TV-MA
s2713,R
s2714,TV-14
s2715,TV-PG
s2716,TV-14
s2717,TV-14
s2718,TV-Y7
s2719,TV-14
s2720,TV-MA
s2721,TV-14
s2722,TV-14
s2723,TV-14
s2724,TV-14
s2725,TV-14
s2726,TV-14
s2727,TV-14
s2728,TV-MA
s2729,TV-14
s2730,TV-14
s2731,TV-14
s2732,TV-14
s2733,TV-14
s2734,TV-14
s2735,TV-14
s2736,TV-14
s2737,TV-MA
s2738,TV-Y7
s2739,TV-14
s2740,TV-Y7
s2741,TV-14
s2742,TV-MA
s2743,TV-MA
s2744,TV-MA
s2745,TV-G
s2746,R
s2747,TV-MA
s2748,TV-14
s2749,TV-14
s2750,R
s2751,TV-Y7
s2752,TV-G
s2753,TV-Y7
s2754,TV-MA
s2755,PG
s2756,TV-MA
s2757,TV-MA
s2758,TV-14
s2759,R
s2760,TV-Y
s2761,TV-14
s2762,TV-MA
s2763,R
s2764,TV-Y
s2765,TV-MA
s2766,TV-MA
s2767,TV-MA
s2768,TV-MA
s2769,TV-MA
s2770,TV-14
s2771,TV-Y
s2772,TV-MA
s2773,TV-MA
s2774,TV-Y
s2775,TV-MA
s2776,TV-MA
s2777,TV-G
s2778,TV-MA
s2779,PG
s2780,R
s2781,TV-MA
s2782,TV-MA
s2783,TV-MA
s2784,TV-MA
s2785,TV-14
s2786,TV-Y
s2787,TV-14
s2788,TV-Y7
s2789,TV-Y7
s2790,TV-14
s2791,TV-PG
s2792,TV-MA
s2793,TV-MA
s2794,TV-14
s2795,TV-PG
s2796,TV-MA
s2797,TV-MA
s2798,TV-MA
s2799,R
s2800,TV-MA
s2801,TV-14
s2802,R
s2803,TV-MA
s2804,PG
s2805,TV-MA
s2806,TV-14
s2807,TV-MA
s2808,TV-Y7
s2809,TV-MA
s2810,R
s2811,TV-14
s2812,TV-Y
s2813,TV-Y
s2814,TV-MA
s2815,TV-Y
s2816,TV-MA
s2817,TV-14
s2818,TV-14
s2819,TV-MA
s2820,TV-PG
s2821,TV-MA
s2822,TV-MA
s2823,R
s2824,TV-14
s2825,TV-MA
s2826,TV-MA
s2827,TV-14
s2828,TV-MA
s2829,TV-Y7
s2830,TV-MA
s2831,TV-PG
s2832,TV-MA
s2833,TV-MA
s2834,TV-MA
s2835,TV-MA
s2836,TV-MA
s2837,R
s2838,TV-MA
s2839,TV-MA
s2840,TV-PG
s2841,TV-14
s2842,TV-Y
s2843,TV-MA
s2844,TV-MA
s2845,TV-MA
s2846,R
s2847,TV-14
s2848,R
s2849,TV-Y
s2850,TV-MA
s2851,TV-14
s2852,TV-MA
s2853,R
s2854,TV-MA
s2855,TV-14
s2856,TV-MA
s2857,TV-14
s2858,TV-Y
s2859,TV-Y
s2860,TV-MA
s2861,PG
s2862,TV-14
s2863,TV-14
s2864,R
s2865,TV-14
s2866,TV-MA
s2867,TV-MA
s2868,TV-MA
s2869,TV-14
s2870,TV-14
s2871,TV-MA
s2872,TV-MA
s2873,TV-MA
s2874,TV-14
s2875,TV-MA
s2876,TV-MA
s2877,TV-Y7
s2878,TV-14
s2879,TV-14
s2880,TV-MA
s2881,TV-MA
s2882,TV-MA
s2883,TV-MA
s2884,TV-MA
s2885,TV-MA
s2886,TV-14
s2887,TV-MA
s2888,TV-PG
s2889,TV-14
s2890,TV-MA
s2891,TV-MA
s2892,TV-MA
s2893,TV-MA
s2894,TV-G
s2895,TV-MA
s2896,TV-MA
s2897,TV-14
s2898,R
s2899,TV-MA
s2900,TV-PG
s2901,TV-MA
s2902,TV-PG
s2903,TV-PG
s2904,R
s2905,TV-MA
s2906,R
s2907,TV-MA
s2908,R
s2909,PG-13
s2910,TV-Y
s2911,TV-Y
s2912,G
s2913,TV-MA
s2914,TV-MA
s2915,TV-MA
s2916,TV-PG
s2917,TV-14
s2918,TV-MA
s2919,TV-14
s2920,TV-PG
s2921,TV-MA
s2922,TV-MA
s2923,TV-14
s2924,TV-MA
s2925,TV-PG
s2926,TV-14
s2927,TV-Y
s2928,TV-Y7
s2929,R
s2930,TV-PG
s2931,TV-14
s2932,TV-MA
s2933,TV-MA
s2934,PG-13
s2935,TV-MA
s2936,TV-14
s2937,TV-14
s2938,TV-Y
s2939,TV-14
s2940,R
s2941,TV-14
s2942,TV-14
s2943,TV-14
s2944,R
s2945,TV-MA
s2946,TV-MA
s2947,TV-14
s2948,TV-14
s2949,TV-MA
s2950,TV-MA
s2951,PG-13
s2952,PG
s2953,TV-14
s2954,TV-PG
s2955,TV-14
s2956,TV-MA
s2957,TV-MA
s2958,TV-14
s2959,TV-MA
s2960,TV-MA
s2961,R
s2962,PG-13
s2963,TV-Y7
s2964,TV-G
s2965,TV-PG
s2966,TV-MA
s2967,TV-14
s2968,TV-Y
s2969,TV-MA
s2970,TV-G
s2971,TV-MA
s2972,TV-MA
s2973,TV-MA
s2974,TV-14
s2975,TV-MA
s2976,TV-MA
s2977,TV-MA
s2978,TV-14
s2979,TV-MA
s2980,TV-MA
s2981,TV-14
s2982,TV-MA
s2983,TV-14
s2984,TV-PG
s2985,TV-MA
s2986,TV-14
s2987,TV-14
s2988,TV-MA
s2989,PG
s2990,TV-MA
s2991,TV-MA
s2992,TV-MA
s2993,TV-14
s2994,TV-MA
s2995,TV-MA
s2996,TV-PG
s2997,TV-MA
s2998,TV-MA
s2999,TV-14
s3000,TV-14
s3001,TV-14
s3002,TV-MA
s3003,TV-MA
s3004,TV-MA
s3005,TV-14
s3006,TV-PG
s3007,TV-14
s3008,TV-14
s3009,R
s3010,TV-MA
s3011,TV-MA
s3012,TV-MA
s3013,TV-14
s3014,TV-PG
s3015,TV-14
s3016,TV-14
s3017,PG
s3018,TV-MA
s3019,R
s3020,TV-14
s3021,TV-14
s3022,R
s3023,TV-14
s3024,TV-MA
s3025,TV-MA
s3026,R
s3027,TV-MA
s3028,TV-MA
s3029,TV-Y
s3030,TV-MA
s3031,TV-G
s3032,TV-14
s3033,TV-MA
s3034,TV-14
s3035,TV-MA
s3036,TV-Y7
s3037,TV-MA
s3038,TV-MA
s3039,R
s3040,TV-Y
s3041,TV-MA
s3042,TV-MA
s3043,TV-MA
s3044,R
s3045,TV-MA
s3046,TV-14
s3047,TV-14
s3048,TV-PG
s3049,TV-14
s3050,TV-MA
s3051,TV-MA
s3052,TV-14
s3053,TV-14
s3054,TV-14
s3055,TV-PG
s3056,TV-PG
s3057,TV-Y7
s3058,TV-Y
s3059,TV-Y7
s3060,G
s3061,TV-MA
s3062,TV-MA
s3063,G
s3064,TV-MA
s3065,TV-G
s3066,TV-MA
s3067,TV-Y7
s3068,TV-MA
s3069,R
s3070,TV-Y7
s3071,TV-MA
s3072,TV-14
s3073,TV-MA
s3074,R
s3075,TV-MA
s3076,TV-MA
s3077,TV-14
s3078,TV-14
s3079,TV-MA
s3080,TV-PG
s3081,PG-13
s3082,TV-MA
s3083,TV-MA
s3084,TV-Y7
s3085,TV-Y
s3086,TV-Y7
s3087,TV-MA
s3088,TV-14
s3089,TV-14
s3090,TV-MA
s3091,TV-MA
s3092,TV-14
s3093,TV-MA
s3094,TV-MA
s3095,TV-MA
s3096,TV-MA
s3097,TV-MA
s3098,R
s3099,TV-PG
s3100,PG-13
s3101,R
s3102,R
s3103,PG-13
s3104,TV-MA
s3105,TV-14
s3106,TV-PG
s3107,TV-PG
s3108,R
s3109,TV-14
s3110,TV-Y
s3111,TV-PG
s3112,TV-MA
s3113,TV-14
s3114,TV-MA
s3115,TV-PG
s3116,TV-MA
s3117,PG-13
s3118,TV-MA
s3119,TV-PG
s3120,TV-MA
s3121,TV-MA
s3122,TV-MA
s3123,TV-MA
s3124,TV-MA
s3125,TV-MA
s3126,R
s3127,TV-14
s3128,TV-PG
s3129,TV-Y
s3130,TV-14
s3131,TV-MA
s3132,TV-14
s3133,TV-MA
s3134,TV-14
s3135,TV-14
s3136,TV-14
s3137,TV-14
s3138,TV-PG
s3139,TV-14
s3140,TV-14
s3141,TV-14
s3142,TV-14
s3143,TV-PG
s3144,TV-14
s3145,TV-MA
s3146,TV-14
s3147,TV-Y7
s3148,TV-14
s3149,TV-Y7
s3150,TV-14
s3151,R
s3152,TV-MA
s3153,TV-MA
s3154,TV-14
s3155,TV-14
s3156,TV-MA
s3157,TV-MA
s3158,TV-MA
s3159,TV-MA
s3160,TV-14
s3161,TV-MA
s3162,TV-PG
s3163,R
s3164,TV-14
s3165,PG-13
s3166,TV-MA
s3167,TV-14
s3168,TV-14
s3169,TV-PG
s3170,R
s3171,TV-MA
s3172,TV-MA
s3173,TV-Y7
s3174,TV-PG
s3175,TV-MA
s3176,TV-14
s3177,TV-MA
s3178,TV-MA
s3179,TV-14
s3180,TV-PG
s3181,TV-PG
s3182,TV-MA
s3183,TV-MA
s3184,TV-MA
s3185,TV-PG
s3186,TV-14
s3187,TV-MA
s3188,TV-MA
s3189,PG
s3190,TV-PG
s3191,R
s3192,TV-MA
s3193,TV-MA
s3194,TV-14
s3195,TV-MA
s3196,TV-14
s3197,TV-PG
s3198,TV-14
s3199,TV-PG
s3200,TV-Y
s3201,TV-14
s3202,TV-14
s3203,TV-MA
s3204,TV-MA
s3205,TV-14
s3206,TV-G
s3207,TV-14
s3208,TV-14
s3209,TV-Y
s3210,TV-MA
s3211,TV-MA
s3212,TV-MA
s3213,TV-MA
s3214,TV-MA
s3215,TV-MA
s3216,TV-MA
s3217,TV-14
s3218,TV-14
s3219,TV-PG
s3220,TV-14
s3221,TV-MA
s3222,TV-PG
s3223,TV-MA
s3224,R
s3225,TV-14
s3226,TV-Y7
s3227,TV-MA
s3228,R
s3229,TV-MA
s3230,TV-Y
s3231,TV-MA
s3232,TV-Y
s3233,TV-MA
s3234,TV-14
s3235,TV-MA
s3236,R
s3237,TV-14
s3238,TV-MA
s3239,TV-14
s3240,TV-MA
s3241,TV-MA
s3242,TV-PG
s3243,TV-MA
s3244,TV-MA
s3245,TV-MA
s3246,TV-MA
s3247,TV-Y7
s3248,TV-Y7
s3249,TV-14
s3250,TV-MA
s3251,TV-MA
s3252,TV-14
s3253,TV-MA
s3254,TV-G
s3255,TV-14
s3256,TV-MA
s3257,TV-MA
s3258,TV-14
s3259,TV-MA
s3260,TV-MA
s3261,TV-MA
s3262,PG-13
s3263,R
s3264,TV-14
s3265,R
s3266,TV-14
s3267,TV-PG
s3268,TV-MA
s3269,TV-14
s3270,TV-MA
s3271,TV-14
s3272,TV-PG
s3273,TV-PG
s3274,PG
s3275,TV-MA
s3276,TV-Y
s3277,TV-PG
s3278,TV-14
s3279,TV-14
s3280,TV-MA
s3281,TV-14
s3282,TV-MA
s3283,TV-14
s3284,TV-MA
s3285,TV-14
s3286,TV-MA
s3287,TV-14
s3288,TV-MA
s3289,TV-14
s3290,TV-MA
s3291,R
s3292,TV-14
s3293,TV-MA
s3294,TV-MA
s3295,TV-14
s3296,TV-Y7
s3297,PG-13
s3298,TV-MA
s3299,TV-MA
s3300,TV-14
s3301,TV-MA
s3302,TV-14
s3303,TV-14
s3304,TV-G
s3305,TV-PG
s3306,TV-MA
s3307,TV-MA
s3308,R
s3309,TV-MA
s3310,R
s3311,TV-PG
s3312,TV-14
s3313,TV-MA
s3314,TV-MA
s3315,TV-Y
s3316,TV-Y7
s3317,TV-G
s3318,TV-PG
s3319,TV-Y
s3320,TV-PG
s3321,TV-Y
s3322,TV-PG
s3323,TV-PG
s3324,TV-Y
s3325,TV-Y
s3326,TV-G
s3327,TV-MA
s3328,TV-PG
s3329,TV-MA
s3330,TV-MA
s3331,TV-14
s3332,TV-PG
s3333,TV-MA
s3334,TV-PG
s3335,TV-14
s3336,TV-MA
s3337,TV-14
s3338,TV-PG
s3339,PG
s3340,TV-PG
s3341,TV-14
s3342,TV-14
s3343,TV-14
s3344,TV-PG
s3345,TV-MA
s3346,TV-Y7
s3347,TV-MA
s3348,R
s3349,TV-MA
s3350,TV-MA
s3351,TV-Y
s3352,TV-MA
s3353,TV-MA
s3354,TV-MA
s3355,TV-MA
s3356,TV-MA
s3357,TV-MA
s3358,TV-MA
s3359,TV-14
s3360,TV-MA
s3361,TV-14
s3362,TV-14
s3363,TV-MA
s3364,TV-MA
s3365,TV-14
s3366,TV-PG
s3367,TV-G
s3368,TV-PG
s3369,TV-G
s3370,TV-MA
s3371,TV-MA
s3372,TV-MA
s3373,R
s3374,TV-MA
s3375,TV-MA
s3376,TV-MA
s3377,TV-PG
s3378,TV-14
s3379,TV-PG
s3380,TV-MA
s3381,TV-MA
s3382,TV-14
s3383,TV-MA
s3384,PG-13
s3385,TV-14
s3386,TV-MA
s3387,TV-PG
s3388,TV-14
s3389,TV-MA
s3390,R
s3391,TV-Y7
s3392,PG-13
s3393,TV-14
s3394,TV-Y
s3395,TV-Y
s3396,TV-Y
s3397,TV-Y
s3398,TV-Y
s3399,TV-MA
s3400,TV-MA
s3401,TV-PG
s3402,TV-Y
s3403,TV-14
s3404,TV-Y
s3405,TV-Y7
s3406,TV-MA
s3407,TV-Y7
s3408,TV-MA
s3409,TV-MA
s3410,R
s3411,TV-MA
s3412,TV-14
s3413,TV-14
s3414,TV-14
s3415,TV-14
s3416,TV-PG
s3417,TV-MA
s3418,TV-MA
s3419,TV-MA
s3420,TV-MA
s3421,TV-14
s3422,R
s3423,TV-MA
s3424,TV-MA
s3425,TV-14
s3426,TV-MA
s3427,TV-14
s3428,TV-MA
s3429,TV-MA
s3430,TV-MA
s3431,TV-MA
s3432,TV-14
s3433,TV-MA
s3434,TV-MA
s3435,TV-MA
s3436,TV-Y7
s3437,TV-14
s3438,TV-14
s3439,PG-13
s3440,TV-14
s3441,TV-MA
s3442,TV-MA
s3443,TV-Y7
s3444,TV-14
s3445,TV-Y7
s3446,TV-14
s3447,TV-MA
s3448,TV-14
s3449,TV-MA
s3450,TV-PG
s3451,TV-MA
s3452,TV-PG
s3453,TV-MA
s3454,TV-PG
s3455,TV-MA
s3456,TV-Y
s3457,TV-Y
s3458,TV-MA
s3459,TV-MA
s3460,TV-MA
s3461,TV-PG
s3462,TV-14
s3463,TV-14
s3464,TV-MA
s3465,TV-MA
s3466,TV-14
s3467,TV-MA
s3468,TV-MA
s3469,TV-PG
s3470,TV-Y
s3471,TV-Y7
s3472,TV-MA
s3473,G
s3474,TV-14
s3475,TV-PG
s3476,G
s3477,R
s3478,TV-MA
s3479,TV-MA
s3480,TV-PG
s3481,TV-PG
s3482,TV-MA
s3483,TV-PG
s3484,TV-MA
s3485,TV-MA
s3486,TV-MA
s3487,TV-14
s3488,PG-13
s3489,TV-MA
s3490,TV-14
s3491,TV-G
s3492,TV-MA
s3493,TV-14
s3494,TV-14
s3495,R
s3496,TV-MA
s3497,TV-MA
s3498,TV-MA
s3499,TV-MA
s3500,TV-MA
s3501,TV-MA
s3502,TV-MA
s3503,TV-MA
s3504,TV-MA
s3505,TV-MA
s3506,TV-14
s3507,TV-MA
s3508,TV-MA
s3509,TV-Y
s3510,TV-MA
s3511,TV-14
s3512,TV-MA
s3513,TV-MA
s3514,TV-PG
s3515,TV-14
s3516,TV-MA
s3517,TV-14
s3518,TV-PG
s3519,TV-MA
s3520,TV-MA
s3521,TV-14
s3522,TV-MA
s3523,TV-14
s3524,TV-PG
s3525,TV-MA
s3526,TV-MA
s3527,TV-MA
s3528,TV-14
s3529,TV-MA
s3530,TV-MA
s3531,TV-MA
s3532,TV-MA
s3533,TV-14
s3534,TV-14
s3535,TV-MA
s3536,TV-G
s3537,TV-14
s3538,TV-14
s3539,TV-MA
s3540,TV-Y
s3541,TV-G
s3542,TV-14
s3543,TV-MA
s3544,TV-14
s3545,G
s3546,TV-14
s3547,TV-Y
s3548,TV-MA
s3549,TV-MA
s3550,TV-PG
s3551,TV-14
s3552,TV-PG
s3553,TV-MA
s3554,TV-Y
s3555,TV-MA
s3556,TV-PG
s3557,TV-14
s3558,TV-MA
s3559,TV-MA
s3560,TV-MA
s3561,TV-MA
s3562,TV-MA
s3563,TV-14
s3564,TV-PG
s3565,TV-14
s3566,TV-PG
s3567,TV-14
s3568,TV-14
s3569,TV-MA
s3570,TV-MA
s3571,TV-MA
s3572,TV-PG
s3573,TV-MA
s3574,TV-G
s3575,TV-MA
s3576,TV-MA
s3577,TV-MA
s3578,TV-MA
s3579,TV-14
s3580,TV-MA
s3581,TV-Y7
s3582,TV-MA
s3583,PG-13
s3584,TV-14
s3585,TV-Y
s3586,TV-MA
s3587,TV-MA
s3588,TV-MA
s3589,TV-MA
s3590,TV-MA
s3591,TV-MA
s3592,TV-MA
s3593,TV-MA
s3594,TV-14
s3595,TV-MA
s3596,TV-MA
s3597,TV-MA
s3598,TV-MA
s3599,TV-Y7
s3600,TV-14
s3601,TV-MA
s3602,TV-MA
s3603,TV-MA
s3604,TV-Y7
s3605,TV-MA
s3606,TV-14
s3607,TV-MA
s3608,TV-MA
s3609,TV-14
s3610,TV-MA
s3611,TV-PG
s3612,TV-MA
s3613,TV-MA
s3614,TV-MA
s3615,TV-MA
s3616,TV-MA
s3617,TV-14
s3618,TV-MA
s3619,TV-14
s3620,TV-MA
s3621,TV-MA
s3622,TV-MA
s3623,TV-MA
s3624,TV-MA
s3625,TV-PG
s3626,TV-MA
s3627,TV-14
s3628,TV-PG
s3629,TV-MA
s3630,R
s3631,TV-14
s3632,TV-14
s3633,TV-MA
s3634,TV-MA
s3635,TV-MA
s3636,TV-MA
s3637,TV-PG
s3638,TV-MA
s3639,TV-14
s3640,TV-MA
s3641,TV-14
s3642,TV-MA
s3643,TV-MA
s3644,TV-MA
s3645,TV-Y
s3646,TV-MA
s3647,TV-MA
s3648,TV-14
s3649,TV-14
s3650,TV-14
s3651,TV-MA
s3652,TV-MA
s3653,TV-MA
s3654,TV-14
s3655,TV-Y7
s3656,TV-MA
s3657,TV-14
s3658,TV-14
s3659,TV-14
s3660,TV-Y7
s3661,TV-14
s3662,TV-PG
s3663,TV-14
s3664,TV-PG
s3665,TV-14
s3666,TV-14
s3667,TV-PG
s3668,TV-Y7
s3669,TV-MA
s3670,TV-MA
s3671,TV-MA
s3672,TV-MA
s3673,TV-MA
s3674,TV-14
s3675,TV-14
s3676,TV-MA
s3677,TV-14
s3678,TV-Y
s3679,TV-14
s3680,TV-MA
s3681,TV-G
s3682,TV-G
s3683,TV-14
s3684,TV-14
s3685,TV-MA
s3686,TV-14
s3687,TV-MA
s3688,TV-MA
s3689,TV-14
s3690,TV-14
s3691,TV-14
s3692,TV-PG
s3693,TV-Y
s3694,TV-MA
s3695,TV-Y
s3696,TV-Y7
s3697,TV-MA
s3698,TV-MA
s3699,TV-MA
s3700,TV-14
s3701,TV-MA
s3702,TV-MA
s3703,TV-MA
s3704,TV-14
s3705,TV-MA
s3706,TV-MA
s3707,TV-MA
s3708,TV-Y
s3709,TV-MA
s3710,TV-PG
s3711,TV-MA
s3712,TV-MA
s3713,TV-PG
s3714,TV-14
s3715,TV-14
s3716,TV-MA
s3717,TV-14
s3718,R
s3719,TV-MA
s3720,TV-MA
s3721,TV-MA
s3722,TV-MA
s3723,TV-PG
s3724,TV-MA
s3725,TV-MA
s3726,TV-14
s3727,TV-14
s3728,TV-MA
s3729,TV-MA
s3730,TV-MA
s3731,TV-14
s3732,TV-MA
s3733,TV-14
s3734,TV-MA
s3735,R
s3736,TV-MA
s3737,TV-MA
s3738,TV-MA
s3739,TV-PG
s3740,TV-14
s3741,TV-14
s3742,TV-14
s3743,TV-MA
s3744,TV-MA
s3745,TV-MA
s3746,TV-PG
s3747,TV-MA
s3748,TV-PG
s3749,TV-MA
s3750,TV-MA
s3751,TV-MA
s3752,TV-14
s3753,TV-MA
s3754,PG-13
s3755,TV-MA
s3756,TV-MA
s3757,TV-PG
s3758,TV-MA
s3759,TV-MA
s3760,TV-MA
s3761,TV-Y
s3762,TV-MA
s3763,TV-MA
s3764,TV-MA
s3765,TV-PG
s3766,TV-PG
s3767,PG
s3768,TV-PG
s3769,TV-MA
s3770,TV-Y
s3771,TV-MA
s3772,TV-MA
s3773,TV-MA
s3774,TV-14
s3775,TV-MA
s3776,TV-MA
s3777,TV-14
s3778,TV-Y
s3779,TV-14
s3780,TV-G
s3781,TV-MA
s3782,TV-14
s3783,TV-14
s3784,TV-MA
s3785,TV-14
s3786,TV-MA
s3787,TV-14
s3788,TV-MA
s3789,TV-MA
s3790,TV-MA
s3791,TV-MA
s3792,TV-MA
s3793,TV-MA
s3794,TV-MA
s3795,TV-MA
s3796,TV-PG
s3797,TV-MA
s3798,TV-MA
s3799,TV-14
s3800,TV-MA
s3801,TV-MA
s3802,TV-MA
s3803,TV-MA
s3804,TV-PG
s3805,TV-14
s3806,TV-MA
s3807,TV-G
s3808,TV-MA
s3809,TV-MA
s3810,TV-14
s3811,TV-14
s3812,TV-MA
s3813,TV-MA
s3814,TV-MA
s3815,TV-14
s3816,TV-MA
s3817,TV-MA
s3818,TV-MA
s3819,TV-PG
s3820,TV-MA
s3821,TV-PG
s3822,TV-Y
s3823,TV-MA
s3824,TV-Y
s3825,TV-14
s3826,R
s3827,TV-14
s3828,TV-MA
s3829,TV-MA
s3830,TV-G
s3831,TV-14
s3832,TV-14
s3833,TV-MA
s3834,TV-MA
s3835,TV-14
s3836,TV-MA
s3837,TV-MA
s3838,TV-MA
s3839,TV-MA
s3840,TV-14
s3841,TV-MA
s3842,R
s3843,TV-MA
s3844,TV-PG
s3845,TV-PG
s3846,TV-14
s3847,TV-PG
s3848,TV-14
s3849,TV-PG
s3850,TV-14
s3851,TV-PG
s3852,TV-14
s3853,TV-14
s3854,TV-14
s3855,TV-14
s3856,TV-14
s3857,TV-14
s3858,TV-MA
s3859,TV-MA
s3860,TV-14
s3861,TV-MA
s3862,TV-Y7
s3863,TV-MA
s3864,R
s3865,TV-PG
s3866,TV-MA
s3867,TV-14
s3868,TV-MA
s3869,TV-PG
s3870,R
s3871,TV-MA
s3872,TV-MA
s3873,PG
s3874,TV-MA
s3875,TV-14
s3876,TV-MA
s3877,TV-14
s3878,TV-MA
s3879,TV-MA
s3880,TV-MA
s3881,TV-14
s3882,TV-14
s3883,TV-MA
s3884,TV-MA
s3885,TV-MA
s3886,TV-MA
s3887,TV-MA
s3888,TV-MA
s3889,TV-MA
s3890,TV-MA
s3891,TV-PG
s3892,TV-14
s3893,TV-PG
s3894,R
s3895,TV-MA
s3896,TV-MA
s3897,TV-14
s3898,TV-MA
s3899,TV-MA
s3900,TV-14
s3901,TV-MA
s3902,TV-PG
s3903,TV-MA
s3904,R
s3905,TV-MA
s3906,R
s3907,TV-MA
s3908,TV-MA
s3909,R
s3910,TV-Y
s3911,TV-MA
s3912,TV-14
s3913,TV-MA
s3914,TV-MA
s3915,TV-14
s3916,TV-14
s3917,TV-14
s3918,TV-14
s3919,TV-PG
s3920,TV-MA
s3921,TV-MA
s3922,TV-MA
s3923,TV-MA
s3924,TV-MA
s3925,TV-MA
s3926,TV-MA
s3927,TV-14
s3928,TV-14
s3929,TV-MA
s3930,TV-14
s3931,PG-13
s3932,TV-PG
s3933,TV-14
s3934,TV-14
s3935,TV-MA
s3936,TV-MA
s3937,TV-MA
s3938,TV-MA
s3939,TV-PG
s3940,TV-14
s3941,TV-MA
s3942,TV-PG
s3943,TV-MA
s3944,TV-Y7
s3945,TV-MA
s3946,TV-14
s3947,TV-MA
s3948,TV-MA
s3949,TV-MA
s3950,TV-14
s3951,TV-14
s3952,TV-MA
s3953,TV-MA
s3954,TV-Y7
s3955,TV-14
s3956,TV-MA
s3957,TV-MA
s3958,TV-MA
s3959,TV-14
s3960,TV-14
s3961,TV-14
s3962,TV-Y
s3963,TV-14
s3964,TV-MA
s3965,TV-MA
s3966,TV-MA
s3967,R
s3968,TV-MA
s3969,TV-14
s3970,TV-MA
s3971,TV-MA
s3972,TV-MA
s3973,TV-MA
s3974,TV-PG
s3975,TV-PG
s3976,TV-14
s3977,TV-14
s3978,TV-MA
s3979,TV-MA
s3980,TV-Y
s3981,TV-MA
s3982,TV-MA
s3983,TV-MA
s3984,TV-MA
s3985,TV-14
s3986,TV-MA
s3987,TV-MA
s3988,TV-PG
s3989,TV-Y
s3990,TV-14
s3991,TV-14
s3992,TV-14
s3993,TV-MA
s3994,TV-MA
s3995,TV-PG
s3996,TV-MA
s3997,TV-14
s3998,TV-PG
s3999,TV-MA
s4000,TV-MA
s4001,PG-13
s4002,TV-MA
s4003,TV-MA
s4004,TV-MA
s4005,TV-MA
s4006,R
s4007,TV-MA
s4008,TV-MA
s4009,TV-MA
s4010,TV-MA
s4011,TV-MA
s4012,TV-14
s4013,TV-14
s4014,TV-14
s4015,TV-Y7
s4016,TV-14
s4017,TV-MA
s4018,TV-14
s4019,TV-14
s4020,TV-MA
s4021,TV-14
s4022,TV-MA
s4023,TV-14
s4024,TV-14
s4025,R
s4026,TV-MA
s4027,TV-14
s4028,TV-14
s4029,TV-MA
s4030,TV-14
s4031,TV-MA
s4032,TV-14
s4033,TV-MA
s4034,TV-MA
s4035,TV-MA
s4036,TV-PG
s4037,TV-PG
s4038,TV-MA
s4039,TV-14
s4040,TV-14
s4041,TV-MA
s4042,TV-MA
s4043,TV-MA
s4044,TV-MA
s4045,TV-MA
s4046,TV-MA
s4047,TV-14
s4048,TV-MA
s4049,TV-MA
s4050,TV-MA
s4051,TV-MA
s4052,TV-MA
s4053,TV-14
s4054,TV-MA
s4055,TV-MA
s4056,TV-Y7
s4057,TV-MA
s4058,TV-14
s4059,TV-G
s4060,TV-14
s4061,TV-G
s4062,TV-14
s4063,TV-PG
s4064,TV-14
s4065,TV-MA
s4066,PG
s4067,TV-MA
s4068,TV-MA
s4069,TV-MA
s4070,TV-14
s4071,TV-PG
s4072,TV-14
s4073,TV-PG
s4074,TV-14
s4075,TV-PG
s4076,TV-14
s4077,TV-14
s4078,TV-MA
s4079,TV-MA
s4080,TV-MA
s4081,TV-MA
s4082,TV-PG
s4083,TV-MA
s4084,TV-MA
s4085,TV-MA
s4086,TV-MA
s4087,TV-MA
s4088,TV-MA
s4089,TV-PG
s4090,TV-PG
s4091,TV-PG
s4092,TV-MA
s4093,TV-PG
s4094,TV-MA
s4095,TV-14
s4096,R
s4097,TV-MA
s4098,TV-MA
s4099,TV-MA
s4100,TV-14
s4101,TV-MA
s4102,TV-MA
s4103,TV-14
s4104,TV-14
s4105,TV-MA
s4106,TV-MA
s4107,TV-14
s4108,TV-MA
s4109,TV-14
s4110,TV-MA
s4111,TV-MA
s4112,TV-14
s4113,TV-14
s4114,TV-MA
s4115,TV-Y
s4116,TV-MA
s4117,TV-14
s4118,TV-PG
s4119,TV-14
s4120,TV-MA
s4121,TV-MA
s4122,TV-PG
s4123,TV-PG
s4124,TV-MA
s4125,TV-MA
s4126,TV-MA
s4127,TV-14
s4128,TV-MA
s4129,TV-MA
s4130,TV-MA
s4131,TV-MA
s4132,TV-14
s4133,TV-14
s4134,TV-MA
s4135,TV-14
s4136,TV-MA
s4137,TV-MA
s4138,TV-G
s4139,TV-Y7
s4140,TV-Y7
s4141,TV-Y
s4142,TV-Y7
s4143,TV-MA
s4144,TV-MA
s4145,TV-MA
s4146,TV-Y
s4147,R
s4148,TV-PG
s4149,TV-MA
s4150,TV-Y
s4151,TV-14
s4152,TV-14
s4153,TV-14
s4154,TV-14
s4155,TV-MA
s4156,TV-MA
s4157,TV-MA
s4158,TV-14
s4159,TV-MA
s4160,TV-14
s4161,TV-14
s4162,TV-14
s4163,TV-MA
s4164,TV-MA
s4165,TV-MA
s4166,TV-MA
s4167,TV-MA
s4168,TV-MA
s4169,TV-MA
s4170,TV-MA
s4171,TV-MA
s4172,TV-14
s4173,TV-MA
s4174,TV-MA
s4175,TV-MA
s4176,TV-MA
s4177,TV-MA
s4178,TV-14
s4179,TV-MA
s4180,TV-14
s4181,TV-14
s4182,TV-MA
s4183,TV-MA
s4184,TV-G
s4185,TV-MA
s4186,TV-14
s4187,TV-14
s4188,TV-14
s4189,TV-14
s4190,TV-14
s4191,TV-MA
s4192,TV-14
s4193,TV-MA
s4194,TV-MA
s4195,TV-MA
s4196,TV-MA
s4197,TV-14
s4198,TV-MA
s4199,TV-MA
s4200,TV-MA
s4201,TV-MA
s4202,TV-MA
s4203,TV-Y7
s4204,TV-MA
s4205,TV-MA
s4206,TV-MA
s4207,TV-Y
s4208,TV-MA
s4209,TV-PG
s4210,TV-14
s4211,TV-14
s4212,TV-MA
s4213,TV-14
s4214,TV-MA
s4215,TV-PG
s4216,TV-14
s4217,TV-14
s4218,PG
s4219,TV-PG
s4220,TV-14
s4221,TV-MA
s4222,TV-MA
s4223,TV-MA
s4224,TV-Y7
s4225,TV-MA
s4226,TV-MA
s4227,TV-MA
s4228,TV-PG
s4229,TV-MA
s4230,TV-MA
s4231,TV-MA
s4232,TV-MA
s4233,TV-MA
s4234,TV-MA
s4235,TV-MA
s4236,TV-MA
s4237,TV-MA
s4238,TV-MA
s4239,TV-MA
s4240,TV-MA
s4241,TV-MA
s4242,TV-14
s4243,TV-PG
s4244,TV-14
s4245,TV-MA
s4246,TV-MA
s4247,TV-MA
s4248,TV-MA
s4249,TV-MA
s4250,TV-14
s4251,TV-14
s4252,TV-MA
s4253,TV-MA
s4254,TV-MA
s4255,TV-MA
s4256,TV-MA
s4257,TV-MA
s4258,TV-14
s4259,TV-14
s4260,TV-MA
s4261,TV-PG
s4262,TV-14
s4263,TV-PG
s4264,TV-14
s4265,TV-MA
s4266,TV-MA
s4267,TV-PG
s4268,TV-MA
s4269,R
s4270,TV-14
s4271,TV-14
s4272,TV-MA
s4273,TV-14
s4274,TV-MA
s4275,TV-MA
s4276,TV-MA
s4277,TV-MA
s4278,R
s4279,TV-PG
s4280,TV-14
s4281,TV-MA
s4282,TV-MA
s4283,TV-MA
s4284,TV-MA
s4285,TV-MA
s4286,TV-MA
s4287,TV-G
s4288,TV-14
s4289,TV-14
s4290,TV-PG
s4291,TV-PG
s4292,R
s4293,R
s4294,TV-MA
s4295,PG-13
s4296,TV-PG
s4297,TV-MA
s4298,TV-14
s4299,TV-MA
s4300,TV-MA
s4301,TV-PG
s4302,TV-MA
s4303,TV-14
s4304,TV-MA
s4305,TV-14
s4306,TV-MA
s4307,R
s4308,TV-MA
s4309,TV-MA
s4310,TV-MA
s4311,TV-MA
s4312,TV-Y7
s4313,TV-MA
s4314,TV-PG
s4315,TV-MA
s4316,TV-14
s4317,TV-MA
s4318,PG-13
s4319,TV-G
s4320,PG-13
s4321,TV-MA
s4322,TV-MA
s4323,TV-MA
s4324,TV-Y
s4325,TV-MA
s4326,TV-MA
s4327,TV-14
s4328,TV-MA
s4329,TV-14
s4330,TV-14
s4331,TV-MA
s4332,TV-MA
s4333,TV-MA
s4334,TV-MA
s4335,TV-14
s4336,TV-14
s4337,TV-14
s4338,TV-PG
s4339,TV-14
s4340,TV-14
s4341,TV-G
s4342,TV-14
s4343,TV-MA
s4344,TV-14
s4345,TV-Y
s4346,TV-MA
s4347,TV-MA
s4348,TV-MA
s4349,TV-MA
s4350,TV-MA
s4351,TV-MA
s4352,TV-PG
s4353,TV-Y
s4354,TV-PG
s4355,TV-MA
s4356,PG-13
s4357,TV-MA
s4358,TV-MA
s4359,TV-MA
s4360,TV-Y7
s4361,TV-MA
s4362,TV-MA
s4363,TV-MA
s4364,TV-PG
s4365,TV-Y
s4366,TV-MA
s4367,TV-MA
s4368,TV-MA
s4369,TV-14
s4370,TV-PG
s4371,TV-MA
s4372,TV-Y7
s4373,TV-Y7
s4374,PG
s4375,TV-MA
s4376,TV-14
s4377,TV-PG
s4378,TV-MA
s4379,G
s4380,TV-14
s4381,TV-14
s4382,TV-14
s4383,TV-MA
s4384,TV-MA
s4385,TV-G
s4386,R
s4387,TV-G
s4388,TV-MA
s4389,TV-PG
s4390,TV-Y
s4391,PG
s4392,TV-14
s4393,TV-MA
s4394,TV-MA
s4395,TV-14
s4396,TV-14
s4397,TV-14
s4398,TV-MA
s4399,TV-14
s4400,TV-MA
s4401,TV-PG
s4402,TV-14
s4403,TV-MA
s4404,TV-MA
s4405,R
s4406,TV-MA
s4407,TV-MA
s4408,TV-Y
s4409,TV-MA
s4410,TV-MA
s4411,TV-MA
s4412,TV-14
s4413,TV-MA
s4414,TV-14
s4415,TV-MA
s4416,TV-G
s4417,TV-14
s4418,TV-G
s4419,R
s4420,TV-MA
s4421,TV-14
s4422,TV-14
s4423,TV-14
s4424,TV-14
s4425,TV-14
s4426,TV-14
s4427,TV-14
s4428,TV-14
s4429,TV-PG
s4430,TV-14
s4431,TV-Y
s4432,TV-14
s4433,TV-14
s4434,TV-PG
s4435,TV-MA
s4436,TV-MA
s4437,TV-MA
s4438,TV-14
s4439,TV-MA
s4440,TV-14
s4441,TV-14
s4442,TV-MA
s4443,TV-14
s4444,TV-14
s4445,TV-PG
s4446,TV-MA
s4447,TV-14
s4448,TV-MA
s4449,TV-14
s4450,TV-14
s4451,TV-MA
s4452,TV-MA
s4453,TV-14
s4454,TV-MA
s4455,TV-14
s4456,TV-14
s4457,TV-14
s4458,TV-14
s4459,TV-14
s4460,TV-14
s4461,TV-MA
s4462,TV-PG
s4463,TV-MA
s4464,TV-MA
s4465,TV-14
s4466,TV-PG
s4467,PG
s4468,TV-MA
s4469,R
s4470,TV-MA
s4471,TV-14
s4472,TV-MA
s4473,PG-13
s4474,TV-MA
s4475,TV-14
s4476,TV-14
s4477,TV-MA
s4478,TV-MA
s4479,TV-PG
s4480,TV-14
s4481,TV-MA
s4482,TV-14
s4483,TV-MA
s4484,TV-14
s4485,PG-13
s4486,TV-MA
s4487,TV-MA
s4488,TV-14
s4489,TV-PG
s4490,TV-PG
s4491,TV-MA
s4492,TV-MA
s4493,PG
s4494,TV-MA
s4495,TV-14
s4496,TV-MA
s4497,TV-14
s4498,TV-Y
s4499,TV-MA
s4500,TV-MA
s4501,TV-MA
s4502,TV-MA
s4503,TV-MA
s4504,TV-PG
s4505,TV-MA
s4506,TV-MA
s4507,TV-MA
s4508,TV-MA
s4509,TV-MA
s4510,TV-14
s4511,TV-MA
s4512,TV-Y7
s4513,TV-MA
s4514,TV-MA
s4515,TV-MA
s4516,TV-14
s4517,TV-14
s4518,TV-PG
s4519,TV-MA
s4520,R
s4521,TV-MA
s4522,TV-PG
s4523,R
s4524,TV-MA
s4525,R
s4526,TV-MA
s4527,TV-14
s4528,TV-Y
s4529,PG-13
s4530,TV-14
s4531,TV-14
s4532,TV-14
s4533,TV-MA
s4534,R
s4535,TV-Y
s4536,TV-MA
s4537,TV-PG
s4538,PG-13
s4539,TV-MA
s4540,R
s4541,TV-MA
s4542,TV-MA
s4543,TV-MA
s4544,TV-MA
s4545,TV-MA
s4546,TV-MA
s4547,TV-MA
s4548,R
s4549,TV-MA
s4550,TV-MA
s4551,TV-MA
s4552,TV-14
s4553,R
s4554,TV-MA
s4555,TV-14
s4556,TV-MA
s4557,TV-14
s4558,PG
s4559,TV-14
s4560,TV-14
s4561,TV-14
s4562,TV-14
s4563,TV-MA
s4564,TV-PG
s4565,TV-14
s4566,TV-14
s4567,TV-MA
s4568,TV-14
s4569,TV-14
s4570,TV-PG
s4571,TV-MA
s4572,TV-14
s4573,TV-14
s4574,TV-14
s4575,TV-PG
s4576,TV-14
s4577,TV-14
s4578,TV-14
s4579,TV-14
s4580,TV-14
s4581,TV-14
s4582,TV-14
s4583,TV-14
s4584,TV-PG
s4585,TV-14
s4586,TV-PG
s4587,TV-14
s4588,TV-14
s4589,TV-14
s4590,TV-Y
s4591,TV-Y
s4592,TV-MA
s4593,TV-14
s4594,TV-14
s4595,TV-PG
s4596,TV-14
s4597,TV-14
s4598,TV-14
s4599,TV-14
s4600,TV-PG
s4601,TV-14
s4602,TV-14
s4603,TV-PG
s4604,TV-14
s4605,TV-14
s4606,TV-14
s4607,TV-MA
s4608,TV-PG
s4609,TV-14
s4610,TV-14
s4611,TV-MA
s4612,TV-14
s4613,TV-14
s4614,TV-14
s4615,TV-PG
s4616,TV-14
s4617,PG
s4618,TV-MA
s4619,TV-MA
s4620,TV-MA
s4621,TV-14
s4622,TV-MA
s4623,TV-Y7
s4624,TV-Y7
s4625,TV-MA
s4626,TV-MA
s4627,TV-MA
s4628,TV-MA
s4629,TV-14
s4630,TV-MA
s4631,TV-MA
s4632,TV-MA
s4633,TV-14
s4634,TV-PG
s4635,TV-Y7
s4636,TV-14
s4637,TV-MA
s4638,TV-PG
s4639,TV-MA
s4640,TV-MA
s4641,TV-Y
s4642,TV-MA
s4643,TV-MA
s4644,TV-14
s4645,TV-14
s4646,TV-MA
s4647,TV-MA
s4648,TV-MA
s4649,TV-G
s4650,TV-MA
s4651,TV-14
s4652,TV-Y7
s4653,TV-Y7
s4654,TV-MA
s4655,TV-MA
s4656,TV-MA
s4657,TV-PG
s4658,PG-13
s4659,TV-Y7
s4660,TV-MA
s4661,TV-14
s4662,TV-MA
s4663,TV-MA
s4664,TV-14
s4665,TV-MA
s4666,TV-MA
s4667,TV-MA
s4668,TV-14
s4669,TV-MA
s4670,TV-PG
s4671,TV-MA
s4672,TV-MA
s4673,TV-MA
s4674,TV-MA
s4675,TV-MA
s4676,TV-MA
s4677,TV-PG
s4678,TV-PG
s4679,TV-MA
s4680,TV-14
s4681,TV-14
s4682,TV-14
s4683,TV-MA
s4684,TV-MA
s4685,TV-MA
s4686,TV-MA
s4687,TV-MA
s4688,TV-14
s4689,TV-MA
s4690,TV-MA
s4691,TV-14
s4692,TV-14
s4693,TV-14
s4694,PG-13
s4695,TV-14
s4696,TV-14
s4697,TV-PG
s4698,TV-MA
s4699,TV-14
s4700,TV-MA
s4701,TV-14
s4702,TV-MA
s4703,TV-14
s4704,TV-MA
s4705,TV-PG
s4706,TV-PG
s4707,TV-MA
s4708,TV-PG
s4709,TV-MA
s4710,TV-14
s4711,TV-14
s4712,TV-14
s4713,TV-PG
s4714,TV-14
s4715,TV-MA
s4716,TV-PG
s4717,TV-MA
s4718,TV-Y7
s4719,TV-MA
s4720,TV-MA
s4721,TV-PG
s4722,TV-MA
s4723,TV-14
s4724,TV-14
s4725,TV-14
s4726,TV-MA
s4727,TV-14
s4728,TV-14
s4729,TV-PG
s4730,TV-14
s4731,TV-14
s4732,TV-14
s4733,TV-14
s4734,TV-14
s4735,TV-14
s4736,TV-14
s4737,TV-14
s4738,TV-PG
s4739,TV-G
s4740,TV-MA
s4741,TV-MA
s4742,TV-MA
s4743,TV-14
s4744,TV-MA
s4745,TV-MA
s4746,TV-PG
s4747,TV-14
s4748,TV-MA
s4749,TV-MA
s4750,TV-MA
s4751,TV-MA
s4752,TV-MA
s4753,TV-MA
s4754,TV-14
s4755,TV-MA
s4756,TV-PG
s4757,TV-MA
s4758,TV-MA
s4759,TV-PG
s4760,TV-MA
s4761,PG
s4762,TV-MA
s4763,TV-Y7
s4764,TV-MA
s4765,TV-Y
s4766,PG
s4767,TV-MA
s4768,TV-14
s4769,TV-14
s4770,TV-14
s4771,TV-G
s4772,TV-MA
s4773,TV-14
s4774,TV-MA
s4775,TV-MA
s4776,TV-MA
s4777,TV-MA
s4778,TV-MA
s4779,TV-MA
s4780,TV-MA
s4781,TV-PG
s4782,TV-14
s4783,TV-14
s4784,TV-MA
s4785,TV-PG
s4786,TV-MA
s4787,TV-MA
s4788,TV-MA
s4789,TV-MA
s4790,TV-14
s4791,TV-14
s4792,TV-MA
s4793,TV-14
s4794,TV-14
s4795,TV-MA
s4796,TV-PG
s4797,TV-14
s4798,TV-14
s4799,TV-14
s4800,TV-14
s4801,TV-14
s4802,TV-MA
s4803,TV-MA
s4804,TV-MA
s4805,TV-14
s4806,TV-MA
s4807,TV-MA
s4808,TV-MA
s4809,TV-MA
s4810,TV-MA
s4811,TV-14
s4812,TV-MA
s4813,R
s4814,TV-Y7
s4815,TV-MA
s4816,TV-MA
s4817,TV-MA
s4818,TV-MA
s4819,TV-14
s4820,PG-13
s4821,TV-MA
s4822,TV-MA
s4823,TV-MA
s4824,TV-MA
s4825,TV-MA
s4826,TV-MA
s4827,TV-MA
s8073,R
s4828,TV-G
s4829,TV-MA
s4830,PG-13
s4831,TV-MA
s4832,TV-Y
s4833,TV-Y
s4834,TV-MA
s4835,TV-MA
s4836,TV-MA
s4837,TV-MA
s4838,TV-14
s4839,TV-Y7
s4840,TV-14
s4841,TV-MA
s4842,TV-MA
s4843,TV-MA
s4844,TV-MA
s4845,TV-14
s4846,TV-MA
s4847,TV-MA
s4848,TV-MA
s4849,TV-MA
s4850,TV-MA
s4851,TV-MA
s4852,TV-14
s4853,TV-Y7
s4854,TV-MA
s4855,TV-14
s4856,TV-MA
s4857,TV-Y
s4858,TV-Y7
s4859,TV-MA
s4860,TV-MA
s4861,TV-MA
s4862,PG-13
s4863,TV-MA
s4864,TV-MA
s4865,TV-MA
s4866,TV-14
s4867,TV-MA
s4868,TV-MA
s4869,TV-14
s4870,TV-PG
s4871,TV-MA
s4872,TV-14
s4873,TV-MA
s4874,G
s4875,TV-G
s4876,TV-MA
s4877,TV-MA
s4878,TV-PG
s4879,TV-MA
s4880,TV-Y7
s4881,TV-14
s4882,TV-MA
s4883,TV-MA
s4884,TV-MA
s4885,TV-MA
s4886,TV-MA
s4887,TV-14
s4888,TV-PG
s4889,TV-MA
s4890,TV-MA
s4891,TV-MA
s4892,PG
s4893,TV-Y
s4894,TV-Y
s4895,TV-Y
s4896,TV-Y
s4897,TV-Y
s4898,TV-Y
s4899,TV-Y
s4900,TV-14
s4901,TV-PG
s4902,R
s4903,TV-MA
s4904,TV-14
s4905,TV-14
s4906,TV-MA
s4907,TV-MA
s4908,TV-14
s4909,TV-14
s4910,TV-MA
s4911,TV-PG
s4912,TV-MA
s4913,TV-14
s4914,TV-PG
s4915,TV-14
s4916,TV-MA
s4917,TV-PG
s4918,TV-Y
s4919,TV-MA
s4920,TV-PG
s4921,TV-MA
s4922,TV-MA
s4923,TV-PG
s4924,TV-MA
s4925,TV-MA
s4926,TV-MA
s4927,TV-MA
s4928,R
s4929,TV-14
s4930,TV-MA
s4931,TV-Y
s4932,TV-MA
s4933,TV-MA
s4934,TV-MA
s4935,TV-MA
s4936,TV-MA
s4937,TV-14
s4938,TV-14
s4939,TV-MA
s4940,TV-MA
s4941,TV-MA
s4942,TV-MA
s4943,TV-PG
s4944,R
s4945,TV-MA
s4946,TV-MA
s4947,TV-PG
s4948,TV-14
s4949,TV-PG
s4950,TV-MA
s4951,TV-MA
s4952,TV-MA
s4953,TV-14
s4954,TV-14
s4955,TV-14
s4956,TV-PG
s4957,TV-14
s4958,TV-MA
s4959,R
s4960,TV-MA
s4961,TV-MA
s4962,TV-MA
s4963,TV-MA
s4964,TV-MA
s4965,TV-MA
s4966,R
s4967,R
s4968,TV-14
s4969,TV-14
s4970,TV-MA
s4971,TV-MA
s4972,TV-MA
s4973,TV-MA
s4974,TV-MA
s4975,TV-MA
s4976,TV-14
s4977,TV-MA
s4978,TV-PG
s4979,TV-MA
s4980,TV-14
s4981,TV-MA
s4982,TV-MA
s4983,PG-13
s4984,TV-MA
s4985,TV-14
s4986,TV-MA
s4987,TV-MA
s4988,TV-MA
s4989,TV-14
s4990,TV-MA
s4991,TV-Y7
s4992,TV-14
s4993,TV-MA
s4994,TV-MA
s4995,TV-MA
s4996,TV-G
s4997,R
s4998,TV-MA
s4999,TV-14
s5000,TV-G
s5001,TV-MA
s5002,TV-MA
s5003,TV-MA
s5004,TV-MA
s5005,TV-MA
s5006,TV-MA
s5007,TV-MA
s5008,TV-14
s5009,TV-PG
s5010,TV-14
s5011,R
s5012,TV-14
s5013,TV-PG
s5014,TV-MA
s5015,TV-PG
s5016,TV-MA
s5017,TV-MA
s5018,TV-MA
s5019,TV-MA
s5020,TV-MA
s5021,TV-14
s5022,TV-14
s5023,TV-MA
s5024,TV-MA
s5025,TV-MA
s5026,TV-MA
s5027,TV-14
s5028,TV-MA
s5029,TV-MA
s5030,TV-MA
s5031,TV-14
s5032,TV-MA
s5033,TV-MA
s5034,TV-PG
s5035,TV-MA
s5036,TV-Y7
s5037,TV-14
s5038,TV-MA
s5039,TV-MA
s5040,TV-MA
s5041,TV-14
s5042,TV-14
s5043,TV-MA
s5044,TV-PG
s5045,TV-14
s5046,TV-PG
s5047,TV-14
s5048,PG-13
s5049,TV-MA
s5050,TV-MA
s5051,TV-MA
s5052,TV-14
s5053,TV-MA
s5054,TV-MA
s5055,TV-MA
s5056,TV-PG
s5057,TV-14
s5058,TV-MA
s5059,TV-MA
s5060,TV-MA
s5061,TV-MA
s5062,TV-MA
s5063,TV-MA
s5064,TV-Y7
s5065,R
s5066,TV-MA
s5067,TV-MA
s5068,TV-MA
s5069,TV-MA
s5070,TV-MA
s5071,TV-PG
s5072,TV-14
s5073,PG-13
s5074,TV-MA
s5075,TV-MA
s5076,TV-MA
s5077,TV-MA
s5078,TV-14
s5079,TV-MA
s5080,TV-14
s5081,TV-14
s5082,TV-PG
s5083,TV-MA
s5084,TV-14
s5085,TV-14
s5086,TV-MA
s5087,TV-MA
s5088,TV-MA
s5089,TV-MA
s5090,TV-PG
s5091,TV-MA
s5092,PG-13
s5093,TV-MA
s5094,TV-14
s5095,TV-MA
s5096,TV-14
s5097,TV-14
s5098,TV-MA
s5099,TV-Y7
s5100,TV-MA
s5101,TV-MA
s5102,R
s5103,R
s5104,TV-MA
s5105,TV-14
s5106,TV-14
s5107,TV-14
s5108,TV-MA
s5109,TV-MA
s5110,TV-14
s5111,TV-MA
s5112,TV-PG
s5113,TV-14
s5114,TV-MA
s5115,TV-MA
s5116,TV-G
s5117,R
s5118,TV-MA
s5119,TV-14
s5120,TV-MA
s5121,TV-MA
s5122,TV-G
s5123,TV-MA
s5124,PG-13
s5125,TV-MA
s5126,TV-14
s5127,TV-14
s5128,TV-MA
s5129,TV-14
s5130,TV-MA
s5131,TV-14
s5132,TV-14
s5133,TV-14
s5134,TV-Y7
s5135,TV-MA
s5136,TV-MA
s5137,TV-MA
s5138,TV-Y
s5139,TV-Y7
s5140,TV-14
s5141,TV-Y
s5142,TV-PG
s5143,TV-Y7
s5144,TV-14
s5145,TV-Y7
s5146,TV-14
s5147,TV-MA
s5148,TV-14
s5149,TV-MA
s5150,TV-MA
s5151,TV-MA
s5152,PG-13
s5153,TV-14
s5154,TV-MA
s5155,TV-14
s5156,TV-MA
s5157,TV-MA
s5158,TV-MA
s5159,TV-14
s5160,TV-MA
s5161,TV-Y
s5162,TV-PG
s5163,TV-PG
s5164,TV-PG
s5165,TV-MA
s5166,TV-MA
s5167,TV-Y
s5168,R
s5169,TV-MA
s5170,TV-14
s5171,TV-MA
s5172,TV-MA
s5173,TV-MA
s5174,TV-MA
s5175,TV-Y7
s5176,TV-MA
s5177,TV-MA
s5178,TV-MA
s5179,TV-MA
s5180,R
s5181,TV-G
s5182,R
s5183,TV-MA
s5184,PG-13
s5185,TV-14
s5186,TV-MA
s5187,TV-PG
s5188,TV-MA
s5189,TV-PG
s5190,TV-G
s5191,TV-MA
s5192,TV-MA
s5193,TV-MA
s5194,TV-14
s5195,TV-14
s5196,TV-14
s5197,TV-MA
s5198,R
s5199,PG-13
s5200,PG
s5201,TV-14
s5202,TV-14
s5203,R
s5204,R
s5205,TV-MA
s5206,TV-MA
s5207,TV-MA
s5208,TV-MA
s5209,TV-PG
s5210,TV-14
s5211,TV-MA
s5212,TV-MA
s5213,TV-MA
s5214,TV-MA
s5215,TV-14
s5216,TV-PG
s5217,TV-14
s5218,TV-14
s5219,TV-MA
s5220,TV-Y
s5221,TV-PG
s5222,TV-G
s5223,TV-14
s5224,TV-MA
s5225,TV-MA
s5226,TV-MA
s5227,TV-MA
s5228,TV-MA
s5229,TV-MA
s5230,TV-MA
s5231,TV-MA
s5232,TV-PG
s5233,TV-Y7
s5234,TV-MA
s5235,TV-MA
s5236,TV-MA
s5237,TV-Y7
s5238,TV-Y7
s5239,TV-MA
s5240,TV-MA
s5241,PG-13
s5242,TV-Y7
s5243,TV-14
s5244,TV-Y
s5245,TV-14
s5246,TV-PG
s5247,TV-14
s5248,TV-14
s5249,TV-14
s5250,TV-MA
s5251,TV-14
s5252,TV-MA
s5253,TV-MA
s5254,TV-14
s5255,TV-PG
s5256,TV-14
s5257,TV-MA
s5258,TV-14
s5259,TV-MA
s5260,TV-PG
s5261,TV-MA
s5262,TV-MA
s5263,TV-14
s5264,TV-14
s5265,NC-17
s5266,TV-MA
s5267,TV-MA
s5268,R
s5269,TV-14
s5270,TV-Y
s5271,TV-MA
s5272,TV-MA
s5273,TV-Y
s5274,G
s5275,TV-MA
s5276,TV-14
s5277,TV-MA
s5278,TV-14
s5279,TV-MA
s5280,TV-MA
s5281,TV-MA
s5282,TV-MA
s5283,TV-MA
s5284,TV-MA
s5285,TV-PG
s5286,TV-14
s5287,TV-14
s5288,TV-14
s5289,TV-MA
s5290,TV-PG
s5291,TV-14
s5292,TV-MA
s5293,TV-MA
s5294,TV-MA
s5295,TV-MA
s5296,TV-PG
s5297,TV-14
s5298,TV-PG
s5299,TV-14
s5300,TV-PG
s5301,TV-14
s5302,TV-Y7
s5303,TV-MA
s5304,TV-14
s5305,TV-14
s5306,TV-MA
s5307,TV-MA
s5308,TV-MA
s5309,TV-MA
s5310,TV-14
s5311,TV-MA
s5312,TV-G
s5313,TV-14
s5314,TV-MA
s5315,TV-MA
s5316,TV-14
s5317,TV-MA
s5318,R
s5319,TV-MA
s5320,TV-MA
s5321,TV-Y7
s5322,TV-MA
s5323,PG-13
s5324,TV-MA
s5325,TV-MA
s5326,TV-MA
s5327,TV-MA
s5328,TV-MA
s5329,TV-14
s5330,TV-MA
s5331,TV-MA
s5332,TV-14
s5333,R
s5334,TV-14
s5335,TV-MA
s5336,TV-14
s5337,TV-MA
s5338,TV-14
s5339,TV-14
s5340,TV-14
s5341,TV-Y7
s5342,PG-13
s5343,TV-MA
s5344,TV-MA
s5345,R
s5346,TV-MA
s5347,TV-MA
s5348,TV-14
s5349,TV-14
s5350,TV-14
s5351,TV-14
s5352,TV-MA
s5353,TV-14
s5354,TV-Y
s5355,TV-PG
s5356,TV-MA
s5357,TV-14
s5358,TV-14
s5359,TV-MA
s5360,TV-Y
s5361,TV-MA
s5362,TV-MA
s5363,TV-14
s5364,TV-MA
s5365,TV-MA
s5366,TV-MA
s5367,TV-MA
s5368,TV-14
s5369,TV-MA
s5370,TV-MA
s5371,TV-14
s5372,TV-MA
s5373,TV-MA
s5374,TV-MA
s5375,TV-MA
s5376,TV-Y7
s5377,TV-PG
s5378,TV-MA
s5379,TV-MA
s5380,TV-MA
s5381,TV-Y7
s5382,TV-14
s5383,TV-PG
s5384,TV-14
s5385,TV-14
s5386,TV-MA
s5387,TV-14
s5388,TV-14
s5389,TV-MA
s5390,PG
s5391,TV-14
s5392,TV-PG
s5393,TV-Y
s5394,TV-14
s5395,TV-MA
s5396,TV-MA
s5397,TV-14
s5398,TV-Y
s5399,TV-MA
s5400,TV-14
s5401,TV-PG
s5402,TV-14
s5403,TV-14
s5404,TV-14
s5405,TV-MA
s5406,TV-14
s5407,TV-14
s5408,TV-14
s5409,TV-14
s5410,TV-14
s5411,TV-14
s5412,TV-PG
s5413,TV-14
s5414,TV-MA
s5415,TV-Y7
s5416,TV-MA
s5417,TV-MA
s5418,TV-MA
s5419,TV-14
s5420,TV-MA
s5421,TV-PG
s5422,TV-14
s5423,TV-Y7
s5424,TV-Y7
s5425,TV-MA
s5426,TV-MA
s5427,TV-MA
s5428,TV-PG
s5429,TV-Y7
s5430,TV-PG
s5431,TV-MA
s5432,TV-PG
s5433,TV-MA
s5434,TV-PG
s5435,TV-PG
s5436,TV-14
s5437,TV-PG
s5438,TV-14
s5439,TV-14
s5440,TV-MA
s5441,TV-MA
s5442,TV-14
s5443,TV-MA
s5444,R
s5445,TV-MA
s5446,TV-MA
s5447,TV-MA
s5448,TV-14
s5449,TV-PG
s5450,TV-MA
s5451,TV-14
s5452,TV-PG
s5453,TV-MA
s5454,TV-MA
s5455,TV-MA
s5456,TV-14
s5457,TV-PG
s5458,TV-14
s5459,TV-Y7
s5460,TV-MA
s5461,TV-14
s5462,TV-PG
s5463,TV-14
s5464,TV-14
s5465,TV-14
s5466,TV-14
s5467,TV-PG
s5468,TV-14
s5469,TV-MA
s5470,TV-14
s5471,TV-MA
s5472,TV-14
s5473,TV-14
s5474,TV-MA
s5475,TV-MA
s5476,TV-MA
s5477,TV-14
s5478,TV-MA
s5479,TV-MA
s5480,TV-MA
s5481,TV-MA
s5482,TV-14
s5483,TV-14
s5484,TV-MA
s5485,TV-14
s5486,TV-14
s5487,TV-MA
s5488,PG-13
s5489,TV-Y7
s5490,TV-MA
s5491,TV-MA
s5492,TV-Y7
s5493,TV-MA
s5494,TV-MA
s5495,TV-Y
s5496,TV-MA
s5497,TV-PG
s5498,TV-MA
s5499,TV-MA
s5500,TV-14
s5501,TV-14
s5502,TV-MA
s5503,TV-MA
s5504,TV-PG
s5505,TV-MA
s5506,TV-MA
s5507,TV-MA
s5508,TV-MA
s5509,TV-14
s5510,TV-14
s5511,TV-14
s5512,TV-MA
s5513,TV-MA
s5514,TV-14
s5515,TV-MA
s5516,TV-14
s5517,R
s5518,TV-MA
s5519,TV-MA
s5520,TV-Y7
s5521,TV-MA
s5522,TV-MA
s5523,TV-MA
s5524,TV-Y7
s5525,TV-MA
s5526,TV-MA
s5527,TV-PG
s5528,TV-14
s5529,TV-14
s5530,TV-MA
s5531,TV-14
s5532,TV-14
s5533,TV-MA
s5534,TV-14
s5535,TV-MA
s5536,R
s5537,TV-MA
s5538,TV-14
s5539,TV-MA
s5540,TV-MA
s5541,TV-MA
s5542,74 MIN
s5543,TV-MA
s5544,TV-MA
s5545,TV-MA
s5546,TV-14
s5547,TV-MA
s5548,TV-14
s5549,TV-MA
s5550,TV-14
s5551,TV-MA
s5552,TV-MA
s5553,TV-MA
s5554,TV-MA
s5555,TV-MA
s5556,TV-MA
s5557,TV-MA
s5558,TV-MA
s5559,TV-Y7
s5560,TV-MA
s5561,TV-14
s5562,TV-MA
s5563,TV-MA
s5564,TV-14
s5565,TV-MA
s5566,TV-14
s5567,TV-Y
s5568,TV-MA
s5569,TV-MA
s5570,TV-PG
s5571,PG
s5572,R
s5573,TV-MA
s5574,TV-PG
s5575,TV-14
s5576,TV-PG
s5577,TV-MA
s5578,TV-MA
s5579,TV-Y7
s5580,TV-MA
s5581,TV-14
s5582,TV-PG
s5583,TV-MA
s5584,TV-14
s5585,TV-MA
s5586,TV-MA
s5587,TV-MA
s5588,TV-14
s5589,TV-MA
s5590,TV-MA
s5591,TV-MA
s5592,TV-Y7
s5593,TV-14
s5594,TV-PG
s5595,TV-14
s5596,TV-MA
s5597,G
s5598,G
s5599,TV-14
s5600,TV-MA
s5601,TV-MA
s5602,TV-14
s5603,TV-MA
s5604,TV-PG
s5605,TV-MA
s5606,TV-MA
s5607,TV-MA
s5608,TV-MA
s5609,TV-14
s5610,TV-14
s5611,TV-MA
s5612,TV-MA
s5613,TV-MA
s5614,TV-MA
s5615,TV-MA
s5616,TV-MA
s5617,TV-PG
s5618,TV-14
s5619,TV-14
s5620,TV-MA
s5621,TV-MA
s5622,TV-Y
s5623,TV-MA
s5624,TV-MA
s5625,TV-14
s5626,TV-MA
s5627,TV-MA
s5628,TV-MA
s5629,TV-MA
s5630,TV-14
s5631,TV-MA
s5632,TV-MA
s5633,TV-MA
s5634,TV-PG
s5635,TV-MA
s5636,TV-MA
s5637,TV-14
s5638,TV-MA
s5639,TV-MA
s5640,TV-14
s5641,TV-Y
s5642,PG-13
s5643,TV-14
s5644,TV-Y7
s5645,TV-MA
s5646,PG
s5647,TV-MA
s5648,TV-MA
s5649,PG
s5650,TV-MA
s5651,TV-14
s5652,TV-MA
s5653,TV-MA
s5654,TV-14
s5655,TV-MA
s5656,TV-14
s5657,TV-MA
s5658,TV-MA
s5659,TV-MA
s5660,TV-Y7
s5661,TV-14
s5662,TV-MA
s5663,TV-MA
s5664,TV-MA
s5665,TV-MA
s5666,TV-PG
s5667,TV-MA
s5668,TV-14
s5669,TV-14
s5670,TV-MA
s5671,TV-14
s5672,TV-14
s5673,TV-14
s5674,TV-14
s5675,TV-PG
s5676,TV-PG
s5677,TV-PG
s5678,TV-MA
s5679,TV-MA
s5680,TV-MA
s5681,TV-MA
s5682,TV-G
s5683,TV-14
s5684,TV-14
s5685,TV-14
s5686,TV-MA
s5687,TV-14
s5688,TV-MA
s5689,TV-14
s5690,TV-MA
s5691,TV-MA
s5692,TV-MA
s5693,TV-G
s5694,TV-14
s5695,TV-MA
s5696,TV-PG
s5697,TV-14
s5698,TV-PG
s5699,TV-14
s5700,TV-PG
s5701,TV-PG
s5702,TV-MA
s5703,TV-MA
s5704,TV-14
s5705,TV-MA
s5706,TV-14
s5707,TV-MA
s5708,TV-14
s5709,TV-MA
s5710,TV-MA
s5711,TV-14
s5712,TV-MA
s5713,TV-MA
s5714,TV-MA
s5715,TV-MA
s5716,TV-MA
s5717,TV-MA
s5718,TV-MA
s5719,TV-MA
s5720,TV-14
s5721,TV-MA
s5722,TV-MA
s5723,TV-MA
s5724,TV-Y7
s5725,TV-MA
s5726,TV-14
s5727,TV-PG
s5728,TV-14
s5729,TV-14
s5730,TV-14
s5731,TV-MA
s5732,TV-14
s5733,TV-14
s5734,TV-MA
s5735,TV-Y
s5736,TV-MA
s5737,G
s5738,TV-14
s5739,TV-PG
s5740,TV-14
s5741,TV-MA
s5742,TV-MA
s5743,TV-MA
s5744,TV-MA
s5745,TV-MA
s5746,TV-MA
s5747,TV-MA
s5748,TV-MA
s5749,TV-PG
s5750,TV-14
s5751,TV-14
s5752,TV-14
s5753,TV-MA
s5754,TV-14
s5755,TV-MA
s5756,TV-MA
s5757,TV-MA
s5758,TV-MA
s5759,TV-MA
s5760,TV-Y
s5761,TV-MA
s5762,TV-Y7
s5763,TV-PG
s5764,TV-14
s5765,TV-MA
s5766,TV-MA
s5767,TV-14
s5768,TV-MA
s5769,TV-14
s5770,TV-Y
s5771,TV-MA
s5772,TV-PG
s5773,TV-MA
s5774,TV-Y7
s5775,TV-MA
s5776,TV-Y7
s5777,TV-14
s5778,TV-14
s5779,TV-MA
s5780,TV-MA
s5781,TV-MA
s5782,TV-14
s5783,TV-MA
s5784,TV-MA
s5785,TV-MA
s5786,TV-Y
s5787,TV-MA
s5788,TV-MA
s5789,TV-MA
s5790,TV-MA
s5791,TV-MA
s5792,TV-MA
s5793,TV-MA
s5794,TV-MA
s5795,84 MIN
s5796,TV-PG
s5797,TV-14
s5798,TV-PG
s5799,TV-MA
s5800,TV-14
s5801,TV-Y7
s5802,TV-14
s5803,TV-MA
s5804,TV-MA
s5805,TV-14
s5806,TV-MA
s5807,TV-14
s5808,TV-Y7
s5809,TV-14
s5810,TV-MA
s5811,TV-MA
s5812,TV-14
s5813,TV-MA
s5814,66 MIN
s5815,TV-14
s5816,TV-14
s5817,TV-PG
s5818,TV-14
s5819,TV-14
s5820,TV-MA
s5821,TV-MA
s5822,TV-MA
s5823,TV-14
s5824,TV-G
s5825,TV-MA
s5826,TV-MA
s5827,TV-14
s5828,TV-Y7
s5829,TV-MA
s5830,TV-Y
s5831,TV-MA
s5832,TV-MA
s5833,R
s5834,TV-MA
s5835,TV-14
s5836,TV-MA
s5837,TV-MA
s5838,TV-MA
s5839,TV-Y
s5840,TV-MA
s5841,TV-MA
s5842,PG-13
s5843,TV-MA
s5844,TV-MA
s5845,TV-PG
s5846,TV-PG
s5847,TV-MA
s5848,TV-MA
s5849,TV-MA
s5850,TV-MA
s5851,TV-MA
s5852,TV-MA
s5853,R
s5854,TV-MA
s5855,TV-MA
s5856,TV-Y
s5857,TV-14
s5858,TV-PG
s5859,R
s5860,TV-MA
s5861,TV-14
s5862,TV-PG
s5863,TV-MA
s5864,TV-14
s5865,PG-13
s5866,PG
s5867,TV-14
s5868,TV-Y
s5869,TV-MA
s5870,TV-Y7
s5871,TV-Y
s5872,TV-MA
s5873,TV-MA
s5874,R
s5875,R
s5876,TV-MA
s5877,TV-MA
s5878,TV-Y
s5879,TV-MA
s5880,TV-14
s5881,TV-MA
s5882,TV-14
s5883,TV-PG
s5884,TV-MA
s5885,TV-MA
s5886,TV-MA
s5887,TV-MA
s5888,TV-Y
s5889,TV-MA
s5890,R
s5891,TV-MA
s5892,TV-MA
s5893,TV-MA
s5894,TV-MA
s5895,TV-14
s5896,TV-PG
s5897,TV-14
s5898,TV-PG
s5899,TV-MA
s5900,TV-MA
s5901,TV-MA
s5902,TV-14
s5903,TV-Y7
s5904,R
s5905,TV-MA
s5906,TV-MA
s5907,TV-14
s5908,TV-MA
s5909,TV-Y
s5910,TV-MA
s5911,TV-MA
s5912,TV-MA
s5913,TV-14
s5914,TV-MA
s5915,TV-Y
s5916,TV-MA
s5917,TV-MA
s5918,TV-MA
s5919,TV-14
s5920,TV-MA
s5921,TV-MA
s5922,TV-MA
s5923,TV-MA
s5924,TV-G
s5925,TV-MA
s5926,TV-MA
s5927,TV-MA
s5928,TV-MA
s5929,TV-MA
s5930,TV-14
s5931,TV-PG
s5932,TV-MA
s5933,TV-14
s5934,TV-MA
s5935,TV-PG
s5936,TV-MA
s5937,TV-G
s5938,PG
s5939,TV-MA
s5940,TV-14
s5941,TV-MA
s5942,PG
s5943,TV-14
s5944,TV-MA
s5945,TV-14
s5946,TV-14
s5947,TV-PG
s5948,TV-PG
s5949,TV-PG
s5950,TV-MA
s5951,TV-PG
s5952,TV-14
s5953,TV-14
s5954,TV-PG
s5955,TV-MA
s5956,TV-MA
s5957,TV-MA
s5958,TV-MA
s5959,PG-13
s5960,PG-13
s5961,R
s5962,TV-14
s5963,TV-MA
s5964,TV-14
s5965,TV-14
s5966,R
s5967,TV-14
s5968,TV-PG
s5969,TV-14
s5970,TV-14
s5971,TV-14
s5972,NR
s5973,TV-14
s5974,TV-14
s5975,TV-14
s5976,TV-MA
s5977,TV-MA
s5978,PG-13
s5979,TV-MA
s5980,TV-PG
s5981,TV-14
s5982,PG-13
s5983,TV-MA
s5984,TV-14
s5985,TV-14
s5986,TV-MA
s5987,TV-14
s5988,NR
s5989,R
s5991,R
s5992,TV-MA
s5993,PG-13
s5994,PG-13
s5995,TV-MA
s5996,TV-MA
s5997,PG-13
s5998,TV-PG
s5999,TV-14
s6000,R
s6001,R
s6002,TV-14
s6003,TV-MA
s6004,R
s6005,TV-MA
s6006,TV-MA
s6007,PG-13
s6008,TV-MA
s6009,PG-13
s6010,TV-PG
s6011,TV-PG
s6012,TV-14
s6013,R
s6014,TV-14
s6015,TV-MA
s6016,NR
s6017,TV-MA
s6018,R
s6019,PG-13
s6020,R
s6021,TV-14
s6022,R
s6023,TV-MA
s6024,R
s6025,TV-14
s6026,TV-PG
s6027,TV-PG
s6028,R
s6029,TV-14
s6030,PG
s6031,PG
s6032,R
s6033,R
s6034,TV-PG
s6035,R
s6036,TV-14
s6037,R
s6038,TV-14
s6039,TV-MA
s6040,R
s6041,TV-14
s6042,TV-G
s6043,R
s6044,TV-MA
s6045,TV-14
s6046,TV-MA
s6047,R
s6048,PG-13
s6049,TV-14
s6050,PG-13
s6051,TV-MA
s6052,TV-MA
s6053,R
s6054,TV-PG
s6055,NR
s6056,TV-MA
s6057,PG-13
s8074,TV-MA
s6058,R
s6059,TV-PG
s6060,PG-13
s6061,R
s6062,PG-13
s6063,PG
s6064,TV-MA
s6065,TV-14
s6066,PG
s6067,TV-MA
s6068,TV-14
s6069,TV-MA
s6070,PG
s6071,TV-MA
s6072,TV-MA
s6073,TV-PG
s6074,TV-14
s6075,TV-14
s6076,TV-14
s6077,TV-PG
s6078,TV-MA
s6079,TV-14
s6080,TV-PG
s6081,TV-Y7
s6082,PG-13
s6083,TV-MA
s6084,TV-MA
s6085,TV-MA
s6086,PG-13
s6087,R
s6088,NR
s6089,R
s6090,TV-14
s6091,TV-14
s6092,R
s6093,TV-14
s6094,NR
s6095,TV-PG
s6096,NR
s6097,TV-MA
s6098,TV-MA
s6099,R
s6100,TV-MA
s6101,TV-MA
s6102,TV-MA
s6103,TV-14
s6104,TV-14
s6105,R
s6106,TV-PG
s6107,TV-14
s6108,TV-14
s6109,TV-MA
s6110,TV-PG
s8075,PG
s6111,TV-MA
s6112,PG
s6113,TV-PG
s6114,PG
s6115,TV-14
s6116,R
s6117,G
s6118,TV-MA
s6119,TV-G
s6120,TV-MA
s6121,R
s6122,R
s6123,R
s6124,R
s6125,TV-G
s6126,TV-Y7
s6127,TV-Y
s6128,TV-G
s6129,TV-14
s6130,TV-MA
s6131,TV-14
s6132,TV-14
s6133,TV-14
s6134,TV-MA
s6135,R
s6136,R
s6137,TV-14
s6138,TV-MA
s6139,TV-MA
s6140,TV-PG
s6141,TV-14
s6142,TV-MA
s6143,R
s6144,R
s6145,R
s6146,TV-MA
s6147,TV-14
s6148,R
s6149,TV-MA
s6150,R
s6151,TV-PG
s6152,G
s6153,G
s6154,G
s6155,G
s6156,TV-14
s6157,TV-14
s6158,TV-PG
s6159,TV-MA
s6160,TV-MA
s6161,TV-MA
s6162,TV-14
s6163,R
s6164,R
s6165,PG-13
s6166,TV-MA
s6167,TV-14
s6168,TV-14
s6169,TV-14
s6170,TV-PG
s6171,TV-PG
s6172,PG-13
s6173,TV-MA
s6174,TV-Y7
s6175,TV-PG
s6176,TV-MA
s6177,TV-14
s6178,TV-Y7
s6179,TV-MA
s6180,NR
s6181,PG-13
s6182,PG
s6183,TV-14
s6184,TV-14
s6185,TV-14
s6186,PG-13
s6187,PG
s6188,R
s6189,PG-13
s6190,TV-MA
s6191,NR
s6192,TV-MA
s6193,TV-14
s6194,TV-14
s6195,TV-Y7
s6196,TV-14
s6197,TV-14
s6198,TV-PG
s6199,TV-MA
s6200,R
s6201,PG-13
s6202,TV-MA
s6203,TV-14
s6204,TV-14
s6205,TV-14
s6206,R
s6207,TV-MA
s6208,NR
s6209,NR
s6210,TV-MA
s6211,R
s6212,R
s6213,R
s6214,TV-MA
s6215,TV-MA
s6216,TV-MA
s6217,TV-14
s6218,TV-14
s6219,TV-14
s6220,TV-MA
s6221,G
s6222,G
s6223,G
s6224,TV-MA
s6225,TV-14
s6226,R
s6227,NR
s6228,TV-MA
s6229,TV-MA
s6230,TV-MA
s6231,TV-14
s6232,TV-MA
s6233,TV-14
s6234,TV-MA
s6235,TV-Y
s6236,TV-Y
s6237,TV-Y
s6238,TV-Y
s6239,TV-Y
s6240,TV-Y7
s6241,TV-Y
s6242,TV-Y
s6243,TV-Y
s6244,TV-Y
s6245,PG-13
s6246,TV-14
s6247,TV-PG
s6248,R
s6249,R
s6250,TV-Y
s6251,TV-MA
s6252,PG-13
s6253,TV-14
s6254,TV-PG
s6255,TV-PG
s6256,TV-14
s6257,TV-MA
s6258,PG
s6259,TV-Y
s6260,TV-G
s6261,PG-13
s6262,TV-G
s6263,TV-PG
s6264,TV-14
s6265,TV-14
s6266,TV-MA
s6267,PG-13
s6268,PG-13
s6269,TV-14
s6270,TV-14
s6271,PG-13
s6272,PG
s6273,PG
s6274,TV-14
s6275,TV-MA
s6276,TV-MA
s6277,TV-MA
s6278,TV-MA
s6279,TV-14
s6280,TV-14
s6281,TV-MA
s6282,TV-Y7
s6283,TV-MA
s6284,PG
s6285,TV-G
s6286,TV-14
s6287,R
s6288,TV-14
s6289,TV-PG
s6290,TV-PG
s6291,TV-14
s6292,TV-Y7
s6293,TV-14
s6294,TV-14
s6295,TV-PG
s6296,TV-14
s6297,TV-14
s6298,TV-Y
s6299,TV-14
s6300,TV-MA
s6301,TV-14
s6302,TV-G
s6303,TV-MA
s6304,PG-13
s6305,TV-G
s6306,PG
s6307,R
s6308,TV-MA
s6309,PG
s6310,R
s6311,NR
s6312,R
s6313,TV-PG
s6314,TV-MA
s6315,TV-14
s6316,TV-MA
s6317,R
s6318,TV-14
s6319,TV-MA
s6320,TV-MA
s6321,TV-14
s6322,TV-MA
s6323,R
s6324,TV-14
s6325,TV-PG
s6326,PG-13
s6327,TV-MA
s6328,R
s6329,TV-MA
s6330,PG-13
s6331,PG-13
s6332,R
s6333,R
s6334,PG
s6335,TV-MA
s6336,TV-14
s6337,R
s6338,R
s6339,NC-17
s6340,PG-13
s6341,R
s6342,TV-G
s6343,R
s6344,PG-13
s6345,R
s6346,TV-MA
s6347,TV-MA
s6348,TV-G
s6349,TV-G
s6350,TV-MA
s6351,TV-14
s6352,TV-14
s6353,TV-14
s6354,TV-14
s6355,PG
s6356,TV-14
s6357,TV-MA
s6358,TV-PG
s6359,R
s6360,TV-MA
s6361,TV-PG
s6362,TV-14
s6363,TV-MA
s6364,TV-14
s6365,TV-MA
s6366,TV-MA
s6367,PG
s6368,TV-MA
s6369,TV-G
s6370,TV-MA
s6371,PG
s6372,TV-14
s6373,TV-MA
s6374,TV-PG
s6375,TV-MA
s6376,TV-MA
s6377,R
s6378,PG-13
s6379,TV-14
s6380,R
s6381,TV-MA
s6382,TV-14
s6383,TV-PG
s6384,TV-PG
s6385,TV-PG
s6386,TV-PG
s6387,TV-MA
s6388,TV-G
s6389,TV-MA
s6390,TV-PG
s6391,PG-13
s6392,TV-MA
s6393,TV-MA
s6394,TV-MA
s6395,TV-MA
s6396,TV-14
s6397,R
s6398,R
s6399,TV-PG
s6400,TV-14
s6401,TV-MA
s6402,TV-MA
s6403,TV-MA
s6404,TV-14
s6405,TV-Y
s6406,TV-Y
s6407,TV-Y
s6408,TV-14
s6409,TV-14
s6410,TV-MA
s6411,TV-G
s6412,TV-MA
s6413,R
s6414,TV-14
s6415,PG-13
s6416,R
s6417,TV-MA
s6418,TV-14
s6419,TV-PG
s6420,TV-MA
s6421,TV-Y
s6422,TV-14
s6423,R
s6424,R
s6425,PG-13
s6426,R
s6427,TV-14
s6428,PG-13
s6429,TV-MA
s6430,TV-MA
s6431,TV-MA
s6432,NR
s6433,TV-14
s6434,PG
s6435,TV-PG
s6436,TV-MA
s6437,TV-PG
s6438,PG-13
s6439,TV-PG
s6440,TV-14
s6441,TV-14
s6442,TV-14
s6443,TV-G
s6444,PG
s6445,TV-14
s6446,PG-13
s6447,PG
s6448,PG-13
s6449,G
s6450,TV-PG
s6451,R
s6452,TV-PG
s6453,TV-MA
s6454,TV-PG
s6455,TV-14
s6456,TV-14
s6457,TV-PG
s6458,TV-PG
s6459,R
s6460,TV-14
s6461,TV-MA
s6462,TV-Y7
s6463,TV-Y7
s6464,TV-Y7
s6465,TV-Y7
s6466,TV-14
s6467,G
s6468,TV-MA
s6469,R
s6470,TV-G
s6471,TV-MA
s6472,TV-MA
s6473,NR
s6474,G
s6475,R
s6476,TV-MA
s6477,PG
s6478,TV-MA
s6479,TV-PG
s6480,TV-G
s6481,PG
s6482,PG
s6483,R
s6484,TV-Y7
s6485,TV-14
s6486,TV-PG
s6487,PG-13
s6488,TV-PG
s6489,R
s6490,TV-MA
s6491,TV-14
s6492,TV-MA
s6493,PG-13
s6494,TV-PG
s6495,TV-MA
s6496,TV-PG
s6497,PG
s6498,PG-13
s6499,TV-14
s6500,TV-MA
s6501,R
s6502,R
s6503,R
s6504,PG-13
s6505,TV-MA
s6506,TV-MA
s6507,TV-MA
s6508,TV-MA
s6509,TV-MA
s6510,TV-MA
s6511,PG-13
s6512,PG-13
s6513,TV-PG
s6514,TV-14
s6515,TV-MA
s6516,TV-14
s6517,R
s6518,TV-14
s6519,R
s6520,TV-14
s6521,TV-14
s6522,TV-PG
s6523,TV-MA
s6524,TV-MA
s6525,TV-14
s6526,TV-MA
s6527,R
s6528,TV-MA
s6529,R
s6530,TV-MA
s6531,TV-14
s6532,TV-14
s6533,TV-MA
s6534,TV-14
s6535,PG
s6536,TV-MA
s6537,PG
s6538,TV-14
s6539,TV-MA
s6540,TV-G
s6541,R
s6542,TV-MA
s6543,TV-MA
s6544,PG-13
s6545,R
s6546,R
s6547,TV-14
s6548,TV-MA
s6549,PG
s6550,TV-PG
s6551,PG
s6552,TV-MA
s6553,NR
s6554,TV-14
s6555,TV-MA
s6556,R
s6557,TV-PG
s6558,TV-PG
s6559,TV-MA
s6560,TV-MA
s6561,TV-MA
s6562,TV-MA
s6563,PG-13
s6564,TV-PG
s6565,TV-MA
s6566,R
s6567,R
s6568,TV-MA
s6569,TV-MA
s6570,TV-14
s6571,NR
s6572,TV-MA
s6573,TV-MA
s6574,TV-MA
s6575,TV-PG
s6576,R
s6577,TV-MA
s6578,TV-14
s6579,TV-14
s6580,PG-13
s6581,TV-14
s6582,TV-Y7-FV
s6583,TV-PG
s6584,R
s6585,R
s6586,TV-MA
s6587,TV-MA
s6588,TV-MA
s6589,TV-MA
s6590,TV-14
s6591,R
s6592,NR
s6593,R
s6594,R
s6595,TV-MA
s6596,TV-MA
s6597,TV-14
s6598,R
s6599,TV-14
s6600,TV-MA
s6601,TV-MA
s6602,TV-PG
s6603,TV-PG
s6604,TV-MA
s6605,TV-14
s6606,TV-14
s6607,TV-PG
s6608,TV-PG
s6609,NR
s6610,PG-13
s6611,TV-14
s6612,TV-MA
s6613,PG-13
s6614,TV-G
s6615,TV-14
s6616,TV-MA
s6617,TV-14
s6618,R
s6619,TV-MA
s6620,PG-13
s6621,TV-MA
s6622,TV-PG
s6623,PG
s6624,R
s6625,TV-14
s6626,PG-13
s6627,R
s6628,TV-MA
s6629,TV-MA
s6630,TV-14
s6631,R
s6632,TV-MA
s6633,R
s6634,R
s6635,R
s6636,TV-14
s6637,TV-14
s6638,PG-13
s6639,TV-PG
s6640,PG
s6641,PG
s6642,PG-13
s6643,PG-13
s6644,PG
s6645,PG-13
s6646,TV-Y
s6647,TV-14
s6648,TV-G
s6649,TV-MA
s6650,TV-PG
s6651,TV-PG
s6652,TV-MA
s6653,TV-14
s6654,TV-14
s6655,TV-14
s6656,PG-13
s6657,TV-14
s6658,PG
s6659,TV-Y
s6660,TV-PG
s6661,TV-14
s6662,PG
s6663,PG-13
s6664,TV-MA
s6665,PG-13
s6666,TV-MA
s6667,TV-14
s6668,TV-14
s6669,TV-PG
s6670,TV-MA
s6671,R
s6672,NR
s6673,TV-MA
s6674,TV-MA
s6675,TV-PG
s6676,TV-14
s6677,TV-14
s6678,TV-14
s6679,TV-MA
s6680,TV-PG
s6681,TV-MA
s6682,TV-G
s6683,R
s6684,TV-14
s6685,TV-MA
s6686,TV-PG
s6687,TV-PG
s6688,TV-MA
s6689,TV-PG
s6690,TV-MA
s6691,TV-PG
s6692,TV-14
s6693,PG-13
s6694,TV-MA
s6695,TV-14
s6696,TV-14
s6697,R
s6698,TV-MA
s6699,R
s6700,TV-14
s6701,TV-MA
s6702,R
s6703,PG-13
s6704,R
s6705,TV-MA
s6706,NR
s6707,TV-14
s6708,TV-14
s6709,R
s6710,TV-PG
s6711,PG
s6712,R
s6713,TV-MA
s6714,R
s6715,TV-PG
s6716,PG-13
s6717,R
s6718,TV-14
s6719,TV-14
s6720,R
s6721,TV-MA
s6722,NR
s6723,R
s6724,TV-14
s6725,TV-MA
s6726,TV-MA
s6727,TV-PG
s6728,TV-PG
s6729,TV-14
s6730,TV-MA
s6731,TV-MA
s6732,TV-MA
s6733,TV-G
s6734,TV-14
s6735,TV-14
s6736,R
s6737,TV-MA
s6738,TV-14
s6739,TV-14
s6740,NR
s6741,TV-MA
s6742,TV-MA
s6743,TV-14
s6744,R
s6745,TV-MA
s6746,TV-MA
s6747,G
s6748,NR
s6749,TV-Y7
s6750,TV-PG
s6751,TV-14
s6752,TV-MA
s6753,TV-PG
s6754,R
s6755,R
s6756,R
s6757,TV-14
s6758,TV-MA
s6759,TV-14
s6760,R
s6761,TV-MA
s6762,TV-14
s6763,NR
s6764,TV-14
s6765,TV-14
s6766,R
s6767,TV-G
s6768,PG-13
s6769,TV-14
s6770,TV-MA
s6771,TV-Y7
s6772,TV-MA
s6773,TV-MA
s6774,TV-PG
s6775,TV-14
s6776,PG
s6777,R
s6778,TV-PG
s6779,R
s6780,TV-MA
s6781,TV-MA
s6782,G
s6783,TV-14
s6784,TV-14
s6785,G
s6786,TV-PG
s6787,TV-MA
s6788,TV-MA
s6789,TV-MA
s6790,PG
s6791,PG-13
s6792,TV-MA
s6793,R
s6794,R
s6795,R
s6796,TV-PG
s6797,TV-MA
s6798,PG
s6799,PG
s6800,R
s6801,TV-MA
s6802,TV-MA
s6803,TV-PG
s6804,TV-PG
s6805,R
s6806,R
s6807,TV-14
s6808,TV-14
s6809,R
s6810,PG
s6811,TV-PG
s6812,TV-PG
s6813,TV-PG
s6814,R
s6815,TV-PG
s6816,TV-MA
s6817,TV-MA
s6818,TV-MA
s6819,PG
s6820,TV-MA
s6821,TV-14
s6822,TV-14
s6823,TV-PG
s6824,TV-PG
s6825,TV-MA
s6826,TV-PG
s6827,R
s6829,TV-PG
s6830,TV-PG
s6831,TV-MA
s6832,TV-MA
s6833,TV-PG
s6834,TV-PG
s6835,TV-PG
s6836,TV-PG
s6837,TV-MA
s6838,PG
s6839,TV-Y
s6840,R
s6841,PG
s6842,TV-MA
s6843,PG-13
s6844,PG-13
s6845,TV-14
s6846,TV-MA
s6847,TV-MA
s6848,PG-13
s6849,TV-MA
s6850,TV-14
s6851,TV-14
s6852,TV-MA
s6853,TV-14
s6854,G
s6855,PG-13
s6856,TV-14
s6857,NR
s6858,TV-14
s6859,PG
s6860,TV-PG
s6861,NR
s6862,PG
s6863,PG
s6864,TV-MA
s6865,TV-PG
s6866,TV-Y
s6867,PG-13
s6868,TV-MA
s6869,TV-Y
s6870,R
s6871,TV-14
s6872,TV-MA
s6873,R
s6874,TV-14
s6875,R
s6876,R
s6877,TV-MA
s6878,TV-MA
s6879,PG
s6880,R
s6881,R
s6882,TV-MA
s6883,R
s6884,PG
s6885,R
s6886,TV-14
s6887,R
s6888,TV-14
s6889,R
s6890,TV-14
s6891,TV-PG
s6892,TV-MA
s6893,TV-MA
s6894,PG
s6895,TV-PG
s6896,TV-PG
s6897,R
s6898,TV-MA
s6899,TV-MA
s6900,TV-PG
s6901,TV-PG
s6902,TV-14
s6903,TV-G
s6904,TV-MA
s6905,TV-MA
s6906,TV-14
s6907,TV-MA
s6908,TV-14
s6909,TV-14
s6910,PG
s8076,PG
s6911,PG-13
s6912,TV-14
s6913,TV-14
s6914,R
s6915,TV-14
s6916,R
s6917,TV-14
s6918,TV-MA
s6919,TV-G
s6920,TV-14
s6921,TV-MA
s6922,NR
s6923,TV-MA
s6924,TV-MA
s6925,TV-MA
s6926,R
s6927,TV-14
s6928,R
s6929,R
s6930,TV-14
s6931,TV-14
s6932,TV-G
s6933,TV-Y7
s6934,TV-PG
s6935,NR
s6936,TV-PG
s6937,TV-PG
s6938,TV-14
s6939,TV-MA
s6940,TV-MA
s6941,TV-MA
s6942,TV-14
s6943,TV-MA
s6944,R
s6945,PG-13
s6946,R
s6947,TV-MA
s6948,TV-MA
s6949,TV-14
s6950,PG-13
s6951,TV-MA
s6952,TV-MA
s6953,PG
s6954,TV-MA
s6955,R
s6956,TV-14
s6957,R
s6958,PG-13
s6959,R
s6960,TV-14
s6961,TV-14
s6962,TV-MA
s6963,TV-MA
s6964,TV-MA
s6965,TV-MA
s6966,TV-Y7
s6967,TV-14
s6968,TV-14
s6969,TV-14
s6970,TV-PG
s6971,TV-PG
s6972,TV-14
s6973,TV-PG
s6974,TV-MA
s6975,TV-MA
s6976,TV-14
s6977,TV-PG
s6978,PG-13
s6979,TV-PG
s6980,TV-14
s6981,TV-PG
s6982,TV-Y
s6983,TV-MA
s6984,TV-MA
s6985,TV-MA
s6986,NR
s6987,TV-14
s6988,TV-MA
s6989,TV-14
s6990,TV-PG
s6991,PG-13
s6992,PG-13
s6993,PG
s6994,TV-14
s6995,PG
s6996,TV-14
s6997,TV-MA
s6998,R
s6999,TV-14
s7000,TV-14
s7001,TV-14
s7002,TV-PG
s7003,R
s7004,NR
s7005,TV-MA
s7006,PG-13
s7007,TV-14
s7008,TV-MA
s7009,PG
s7010,PG-13
s7011,TV-14
s7012,TV-14
s7013,TV-PG
s7014,PG
s7015,PG-13
s7016,R
s7017,NR
s7018,TV-MA
s7019,PG-13
s7020,TV-PG
s7021,TV-14
s7022,PG-13
s7023,TV-G
s7024,TV-PG
s7025,TV-PG
s7026,TV-MA
s7027,R
s7028,R
s7029,TV-14
s7030,TV-Y7
s7031,TV-MA
s7032,TV-MA
s7033,R
s7034,TV-14
s7035,TV-MA
s7036,TV-MA
s7037,PG
s7038,TV-14
s7039,TV-14
s7040,TV-14
s7041,TV-14
s7042,NR
s7043,R
s7044,R
s7045,PG-13
s7046,TV-14
s7047,TV-14
s7048,R
s7049,PG-13
s7050,PG
s7051,TV-MA
s7052,TV-MA
s7053,R
s7054,TV-14
s7055,TV-PG
s7056,PG
s7057,NR
s7058,PG
s7059,UR
s7060,TV-14
s7061,R
s7062,PG-13
s7063,TV-14
s7064,TV-MA
s7065,TV-MA
s7066,R
s7067,TV-MA
s7068,PG
s7069,NR
s7070,TV-PG
s7071,PG-13
s7072,PG-13
s7073,PG
s7074,PG
s7075,TV-MA
s7076,PG
s7077,TV-PG
s7078,R
s7079,PG
s7080,TV-14
s7081,TV-MA
s7082,TV-14
s7083,TV-14
s7084,TV-MA
s7085,PG-13
s7086,TV-MA
s7087,TV-14
s7088,R
s7089,TV-PG
s7090,TV-14
s7091,TV-14
s7092,PG-13
s7093,TV-PG
s7094,TV-MA
s7095,TV-Y7
s7096,TV-14
s7097,TV-14
s7098,PG
s7099,TV-Y7
s7100,TV-14
s7101,TV-PG
s7102,TV-MA
s7103,TV-MA
s7104,PG
s7105,TV-14
s7106,TV-MA
s7107,TV-14
s7108,NR
s7109,TV-Y7
s7110,TV-14
s7111,PG
s7112,TV-MA
s7113,TV-MA
s7114,R
s7115,TV-14
s7116,TV-14
s7117,TV-Y
s7118,TV-14
s7119,TV-14
s7120,TV-14
s7121,TV-G
s7122,R
s7123,TV-MA
s7124,TV-G
s7125,PG-13
s7126,TV-14
s7127,R
s7128,TV-14
s7129,TV-MA
s7130,TV-14
s7131,R
s7132,TV-Y7
s7133,PG
s7134,TV-14
s7135,TV-14
s7136,TV-14
s7137,PG-13
s7138,TV-MA
s7139,TV-MA
s7140,TV-MA
s7141,TV-14
s7142,TV-MA
s7143,TV-MA
s7144,TV-14
s7145,TV-14
s7146,PG
s7147,TV-14
s7148,PG-13
s7149,TV-Y
s7150,PG-13
s7151,R
s7152,PG-13
s7153,PG-13
s7154,TV-14
s7155,G
s7156,TV-MA
s7157,PG-13
s7158,TV-14
s7159,TV-14
s7160,TV-PG
s7161,TV-14
s7162,TV-PG
s7163,TV-MA
s7164,TV-14
s7165,PG
s7166,TV-14
s7167,TV-MA
s7168,TV-14
s7169,TV-14
s7170,TV-14
s7171,PG-13
s7172,TV-PG
s7173,NR
s7174,TV-14
s7175,TV-14
s7176,TV-14
s7177,TV-PG
s7178,TV-PG
s7179,R
s7180,R
s7181,TV-MA
s7182,TV-MA
s7183,TV-14
s7184,TV-14
s7185,TV-14
s7186,TV-14
s7187,TV-14
s7188,TV-14
s7189,TV-PG
s7190,TV-14
s7191,TV-14
s7192,R
s7193,TV-MA
s7194,R
s7195,TV-14
s7196,R
s7197,TV-Y
s7198,R
s7199,R
s7200,TV-MA
s7201,TV-14
s7202,TV-MA
s7203,R
s7204,PG-13
s7205,PG-13
s7206,TV-MA
s7207,R
s7208,NR
s7209,PG-13
s7210,TV-PG
s7211,PG-13
s7212,R
s7213,TV-PG
s7214,R
s7215,TV-14
s7216,TV-14
s7217,TV-14
s7218,TV-MA
s7219,R
s7220,TV-14
s7221,PG-13
s7222,TV-G
s7223,TV-PG
s7224,PG-13
s7225,TV-14
s7226,TV-MA
s7227,TV-Y7
s7228,TV-Y7
s7229,TV-Y
s7230,TV-Y7
s7231,TV-Y7
s7232,TV-Y7
s7233,TV-Y7
s7234,TV-Y7
s7235,R
s7236,TV-Y7
s7237,NR
s7238,R
s7239,TV-MA
s7240,R
s7241,TV-Y7
s7242,TV-PG
s7243,TV-PG
s7244,TV-14
s7245,R
s7246,TV-14
s7247,TV-MA
s7248,TV-PG
s7249,TV-MA
s7250,TV-PG
s7251,TV-MA
s7252,R
s7253,PG-13
s7254,TV-MA
s7255,TV-14
s7256,TV-14
s7257,TV-MA
s7258,TV-PG
s7259,TV-14
s7260,TV-14
s7261,TV-MA
s7262,R
s7263,PG-13
s7264,NC-17
s7265,TV-14
s7266,TV-MA
s7267,TV-14
s7268,TV-14
s7269,TV-14
s7270,TV-MA
s7271,R
s7272,R
s7273,TV-14
s7274,TV-PG
s7275,PG
s7276,TV-Y
s7277,TV-Y
s7278,TV-Y
s7279,TV-Y
s7280,TV-Y
s7281,TV-MA
s7282,PG-13
s7283,PG
s7284,TV-MA
s7285,TV-14
s7286,TV-PG
s7287,R
s7288,TV-G
s7289,TV-Y
s7290,TV-G
s7291,TV-Y7-FV
s7292,TV-Y
s7293,TV-Y7-FV
s7294,TV-MA
s7295,TV-PG
s7296,TV-MA
s7297,TV-14
s7298,TV-PG
s7299,R
s7300,TV-PG
s7301,TV-G
s7302,TV-14
s7303,TV-MA
s7304,TV-14
s7305,TV-PG
s7306,R
s7307,R
s7308,TV-MA
s7309,PG-13
s7310,TV-14
s7311,TV-14
s7312,TV-14
s7314,TV-Y7
s7315,TV-Y7
s7316,PG
s7317,PG-13
s7318,TV-Y7-FV
s7319,TV-Y7
s7320,TV-Y7
s7321,NR
s7322,TV-G
s7323,TV-14
s7324,PG-13
s7325,TV-14
s7326,TV-14
s7327,R
s7328,R
s7329,PG-13
s7330,TV-MA
s7331,PG
s7332,TV-Y
s7333,R
s7334,TV-MA
s7335,TV-14
s7336,TV-14
s7337,NR
s7338,TV-14
s7339,TV-MA
s7340,TV-14
s7341,TV-14
s7342,TV-14
s7343,TV-14
s7344,TV-MA
s7345,TV-MA
s7346,TV-MA
s7347,TV-14
s7348,TV-14
s7349,TV-PG
s7350,TV-MA
s7351,TV-MA
s7352,TV-14
s7353,TV-14
s7354,TV-G
s7355,R
s7356,TV-MA
s7357,TV-MA
s7358,TV-14
s7359,TV-PG
s7360,TV-PG
s7361,TV-14
s7362,TV-14
s7363,TV-MA
s7364,TV-14
s7365,TV-PG
s7366,R
s7367,TV-MA
s7368,R
s7369,TV-14
s7370,PG-13
s7371,NR
s7372,TV-MA
s7373,TV-14
s7374,TV-MA
s7375,TV-MA
s7376,TV-Y7
s7377,TV-14
s7378,TV-Y
s7379,TV-14
s7380,TV-PG
s7381,TV-14
s7382,TV-14
s7383,TV-14
s7384,TV-14
s7385,TV-PG
s7386,TV-14
s7387,TV-14
s7388,TV-PG
s7389,TV-PG
s7390,TV-MA
s7391,R
s7392,R
s7393,TV-PG
s7394,TV-MA
s7395,TV-14
s7396,PG-13
s7397,TV-14
s7398,TV-14
s7399,TV-MA
s7400,PG-13
s7401,TV-MA
s7402,TV-14
s7403,TV-MA
s7404,R
s7405,TV-14
s7406,TV-14
s7407,TV-MA
s7408,TV-MA
s7409,TV-14
s7410,TV-PG
s7411,R
s7412,R
s7413,TV-PG
s7414,TV-14
s7415,TV-PG
s7416,PG
s7417,PG
s7418,PG
s7419,TV-14
s7420,TV-14
s7421,NR
s7422,TV-MA
s7423,TV-14
s7424,TV-14
s7425,TV-MA
s7426,TV-14
s7427,TV-PG
s7428,TV-PG
s7429,TV-PG
s7430,TV-MA
s7431,R
s7432,R
s7433,TV-PG
s7434,TV-MA
s7435,TV-14
s7436,TV-G
s7437,TV-PG
s7438,TV-PG
s7439,TV-14
s7440,R
s7441,TV-MA
s7442,TV-14
s7443,PG-13
s7444,PG-13
s7445,TV-MA
s7446,R
s7447,TV-14
s7448,TV-MA
s7449,TV-MA
s7450,TV-PG
s7451,TV-14
s7452,R
s7453,PG
s7454,TV-14
s7455,PG-13
s7456,TV-Y7
s7457,R
s7458,TV-G
s7459,TV-14
s7460,TV-PG
s7461,PG
s7462,PG
s7463,TV-MA
s7464,TV-14
s7465,PG-13
s7466,PG-13
s7467,TV-14
s7468,NR
s7469,TV-MA
s7470,TV-MA
s7471,NR
s7472,TV-14
s7473,TV-MA
s7474,TV-PG
s7475,R
s7476,TV-MA
s7477,TV-MA
s7478,R
s7479,TV-14
s7480,R
s7481,TV-14
s7482,PG-13
s7483,R
s7484,TV-PG
s7485,R
s7486,TV-PG
s7487,PG
s7488,TV-MA
s7489,PG
s7490,TV-Y7
s7491,TV-Y7
s7492,TV-Y7
s7493,TV-Y7
s7494,TV-Y7
s7495,TV-Y7
s7496,TV-Y7
s7497,TV-Y7
s7498,TV-Y7
s7499,TV-Y7
s7500,TV-Y7
s7501,TV-G
s7502,TV-Y7
s7503,TV-Y
s7504,PG-13
s7505,TV-G
s7506,TV-G
s7507,R
s7508,R
s7509,R
s7510,TV-14
s7511,R
s7512,TV-MA
s7513,TV-14
s7514,TV-Y7-FV
s7515,PG
s7516,R
s7517,PG-13
s7518,PG-13
s7519,TV-14
s7520,TV-14
s7521,PG-13
s7522,TV-G
s7523,TV-14
s7524,PG-13
s7525,TV-PG
s7526,PG
s7527,PG
s7528,NR
s7529,TV-MA
s7530,TV-PG
s7531,TV-PG
s7532,TV-PG
s7533,TV-PG
s7534,TV-14
s7535,TV-14
s7536,PG-13
s7537,TV-MA
s7539,TV-PG
s7540,PG-13
s7541,TV-14
s7542,TV-Y
s7543,TV-Y
s7544,TV-14
s7545,TV-14
s7546,TV-MA
s7547,PG-13
s7548,TV-MA
s7549,TV-MA
s7550,R
s7551,TV-14
s7552,TV-14
s7553,TV-PG
s7554,PG
s7555,TV-PG
s7556,TV-MA
s7557,TV-PG
s7558,TV-14
s7559,NR
s7560,TV-14
s7561,TV-MA
s7562,TV-MA
s7563,PG-13
s7564,TV-G
s7565,PG
s7566,TV-14
s7567,R
s7568,R
s7569,TV-PG
s7570,TV-G
s7571,TV-G
s7572,TV-PG
s7573,TV-PG
s7574,TV-PG
s7575,TV-PG
s7576,TV-MA
s7577,TV-PG
s7578,R
s7579,TV-PG
s7580,PG
s7581,NR
s7582,PG-13
s7583,TV-14
s7584,TV-MA
s7585,R
s7586,R
s7587,TV-MA
s7588,PG-13
s7589,TV-Y7
s7590,TV-G
s7591,TV-PG
s7592,TV-MA
s7593,PG
s7594,R
s7595,TV-Y7
s7596,TV-PG
s7597,TV-PG
s7598,NR
s7599,TV-14
s7600,TV-G
s7601,TV-G
s7602,TV-PG
s7603,TV-PG
s7604,TV-PG
s7605,TV-G
s7606,TV-14
s7607,TV-G
s7608,TV-PG
s7609,TV-PG
s7610,TV-14
s7611,TV-PG
s7612,TV-PG
s7613,TV-PG
s7614,TV-PG
s7615,TV-G
s7616,TV-PG
s7617,TV-PG
s7618,TV-PG
s7619,TV-G
s7620,PG-13
s7621,PG-13
s7622,TV-MA
s7623,R
s7624,TV-MA
s7625,TV-MA
s7626,TV-PG
s7627,TV-MA
s7628,TV-MA
s7629,TV-MA
s7630,TV-14
s7631,NR
s7632,TV-MA
s7633,TV-MA
s7634,R
s7635,R
s7636,G
s7637,R
s7638,TV-PG
s7639,PG-13
s7640,PG-13
s7641,TV-14
s7642,TV-MA
s7643,R
s7644,TV-MA
s7645,TV-MA
s7646,TV-MA
s7647,TV-Y7-FV
s7648,TV-14
s7649,TV-PG
s7650,TV-Y
s7651,TV-MA
s7652,TV-14
s7653,TV-14
s7654,TV-14
s7655,TV-14
s7656,TV-PG
s7657,TV-MA
s7658,TV-PG
s7659,TV-MA
s7660,PG-13
s7661,TV-PG
s7662,PG
s7663,TV-G
s7664,TV-MA
s7665,TV-MA
s7666,TV-MA
s7667,TV-PG
s7668,R
s7669,TV-MA
s7670,PG
s7671,NR
s7672,TV-14
s7673,TV-MA
s7674,TV-MA
s7675,TV-PG
s7676,TV-PG
s7677,TV-MA
s7678,TV-MA
s7679,TV-MA
s7680,TV-PG
s7681,TV-14
s7682,TV-MA
s7683,TV-PG
s7684,TV-MA
s7685,PG-13
s7686,TV-PG
s7687,TV-MA
s7688,TV-MA
s7689,TV-14
s7690,TV-Y
s7691,PG-13
s7692,TV-14
s7693,NR
s7694,TV-14
s7695,TV-MA
s7696,R
s7697,R
s7698,TV-PG
s7699,TV-Y
s7700,TV-14
s7701,TV-MA
s7702,R
s7703,TV-PG
s7704,TV-MA
s7705,R
s7706,TV-14
s7707,TV-14
s7708,TV-PG
s7709,R
s7710,TV-14
s7711,TV-14
s7712,R
s7713,TV-PG
s7714,TV-14
s7715,R
s7716,TV-MA
s7717,PG
s7718,TV-14
s7719,TV-14
s7720,TV-14
s7721,TV-MA
s7722,TV-PG
s7723,TV-PG
s7724,TV-MA
s7725,PG
s7726,TV-MA
s7727,TV-MA
s7728,TV-MA
s7729,R
s7730,TV-14
s7731,R
s7732,TV-MA
s7733,PG
s7734,TV-MA
s7735,PG
s7736,PG-13
s7737,TV-14
s7738,TV-MA
s7739,TV-14
s7740,TV-14
s7741,TV-PG
s7742,TV-MA
s7743,TV-PG
s7744,TV-14
s7745,TV-MA
s7746,TV-MA
s7747,TV-MA
s7748,TV-G
s7749,TV-PG
s7750,TV-14
s7751,TV-MA
s7752,R
s7753,TV-14
s7754,TV-MA
s7755,PG
s7756,PG
s7757,TV-14
s7758,TV-MA
s7759,TV-MA
s7760,TV-14
s7761,TV-Y7
s7762,TV-Y7
s7763,TV-Y7
s7764,TV-Y7
s7765,TV-Y7
s7766,TV-Y7
s7767,TV-Y7
s7768,TV-Y7
s7769,TV-Y7
s7770,TV-Y7
s7771,TV-Y7
s7772,TV-Y7
s7773,TV-Y7
s7774,TV-Y7
s7775,TV-Y7
s7776,TV-Y7
s7777,TV-Y7
s7778,TV-Y7
s7779,TV-Y7
s7780,TV-Y7
s7781,TV-Y7
s7782,TV-Y7
s7783,TV-Y7
s7784,TV-Y7
s7785,TV-Y7
s7786,TV-Y7
s7787,TV-Y7
s7788,TV-Y7
s7789,TV-Y7
s7790,TV-MA
s7791,TV-14
s7792,TV-14
s7793,NR
s7794,R
s7795,TV-14
s7796,TV-Y
s7797,TV-MA
s7798,TV-MA
s7799,TV-PG
s7800,TV-MA
s7801,TV-MA
s7802,TV-14
s7803,R
s7804,TV-14
s7805,R
s7806,TV-14
s7807,TV-14
s7808,TV-MA
s7809,TV-MA
s7810,PG-13
s7811,TV-MA
s7812,PG-13
s7813,TV-MA
s7814,TV-14
s7815,PG
s7816,TV-14
s7817,PG
s7818,R
s7819,TV-MA
s7820,TV-PG
s7821,R
s7822,TV-14
s7823,NR
s7824,TV-14
s7825,TV-14
s7826,TV-PG
s7827,PG
s7828,TV-14
s7829,TV-14
s7830,TV-PG
s7831,TV-14
s7832,TV-MA
s7833,TV-MA
s7834,TV-14
s7835,NR
s7836,TV-14
s7837,TV-14
s7838,TV-PG
s7839,TV-MA
s7840,PG-13
s7841,TV-14
s7842,TV-MA
s7843,TV-MA
s7844,TV-MA
s7845,PG-13
s7846,TV-14
s7847,TV-PG
s7848,NR
s7849,TV-PG
s7850,TV-MA
s7851,TV-MA
s7852,R
s7853,TV-PG
s7854,R
s7855,PG-13
s7856,PG-13
s7857,TV-14
s7858,R
s7859,TV-MA
s7860,TV-MA
s7861,R
s7862,NR
s7863,TV-MA
s7864,R
s7865,TV-PG
s7866,R
s7867,NR
s7868,TV-MA
s7869,R
s7870,TV-14
s7871,TV-MA
s7872,TV-MA
s7873,TV-14
s7874,TV-MA
s7875,TV-14
s7876,TV-14
s7877,TV-14
s7878,TV-14
s7879,TV-MA
s7880,PG
s7881,PG
s7882,PG
s7883,PG
s7884,PG-13
s7885,R
s7886,TV-MA
s7887,TV-MA
s7888,TV-MA
s7889,TV-14
s7890,R
s7891,TV-MA
s7892,TV-Y7
s7893,TV-14
s7894,TV-PG
s7895,R
s7896,R
s7897,TV-PG
s7898,TV-PG
s7899,TV-MA
s7900,TV-MA
s7901,R
s7902,PG-13
s7903,TV-14
s7904,PG
s7905,TV-14
s7906,TV-14
s7907,TV-14
s7908,PG
s7909,NR
s7910,NR
s7911,TV-14
s7912,TV-MA
s7913,PG-13
s7914,TV-14
s7915,TV-MA
s7916,TV-MA
s7917,TV-14
s7918,TV-14
s7919,TV-PG
s7920,TV-MA
s7921,R
s7922,TV-MA
s7923,TV-14
s7924,TV-PG
s7925,TV-14
s7926,TV-MA
s7927,TV-PG
s7928,TV-14
s7929,PG-13
s7930,TV-Y
s7931,TV-14
s7932,TV-14
s7933,TV-14
s7934,TV-PG
s7935,TV-G
s7936,PG-13
s7937,TV-14
s7938,TV-PG
s7939,TV-14
s7940,TV-14
s7941,TV-14
s7942,TV-MA
s7943,TV-PG
s7944,TV-14
s7945,TV-14
s7946,TV-MA
s7947,TV-MA
s7948,TV-MA
s7949,TV-G
s7950,PG-13
s7951,R
s7952,R
s7953,PG
s7954,TV-14
s7955,TV-PG
s7956,R
s7957,PG-13
s7958,R
s7959,R
s7960,TV-PG
s7961,PG-13
s7962,R
s7963,R
s7964,TV-MA
s7965,PG
s7966,PG-13
s7967,PG-13
s7968,TV-PG
s7969,TV-14
s7970,PG-13
s7971,TV-PG
s7972,TV-PG
s7973,TV-PG
s7974,TV-PG
s7975,TV-PG
s7976,TV-14
s7977,TV-PG
s7978,TV-PG
s7979,TV-PG
s7980,TV-PG
s7981,TV-14
s7982,PG-13
s7983,TV-MA
s7984,TV-MA
s7985,TV-14
s7986,R
s7987,R
s7988,R
s7989,UR
s7990,R
s7991,TV-MA
s7992,TV-MA
s7993,TV-14
s7994,TV-14
s7995,TV-MA
s7996,TV-14
s7997,TV-PG
s7998,TV-14
s7999,PG-13
s8000,TV-14
s8001,TV-PG
s8002,R
s8003,TV-14
s8004,PG-13
s8005,TV-MA
s8006,TV-Y
s8007,TV-Y
s8008,TV-Y
s8009,TV-14
s8010,R
s8011,PG
s8012,TV-MA
s8013,TV-14
s8014,TV-MA
s8015,TV-MA
s8016,TV-Y
s8017,TV-G
s8018,TV-MA
s8019,R
s8020,TV-PG
s8021,TV-MA
s8022,TV-14
s8023,TV-MA
s8024,TV-14
s8025,TV-PG
s8026,PG-13
s8027,TV-MA
s8028,TV-MA
s8029,R
s8030,R
s8031,TV-14
s8032,TV-14
s8033,PG-13
s8034,TV-MA
s8035,TV-G
s8036,PG-13
s8037,R
s8038,PG
s8039,R
s8040,R
s8041,TV-MA
s8042,R
s8043,PG-13
s8044,R
s8045,TV-MA
s8046,PG-13
s8047,R
s8048,TV-14
s8049,TV-MA
s8050,TV-MA
s8051,NR
s8052,PG-13
s8053,PG-13
s8054,R
s8055,TV-MA
s8056,PG-13
s8057,R
s8058,NR
s8059,TV-MA
s8060,PG
s8061,TV-MA
s8062,NR
s8063,TV-Y
s8064,PG
s8065,TV-MA
s8066,PG-13
s8067,TV-14
s8068,PG-13
s8069,PG
s8070,TV-14
s8077,PG
s8078,TV-MA
s8079,TV-MA
s8080,TV-14
s8081,R
s8082,TV-14
s8083,PG-13
s8084,TV-14
s8085,TV-MA
s8086,TV-MA
s8087,TV-PG
s8088,R
s8089,TV-14
s8090,R
s8091,TV-14
s8092,TV-MA
s8093,TV-PG
s8094,TV-PG
s8095,TV-Y7
s8096,PG-13
s8097,NR
s8098,TV-MA
s8099,TV-PG
s8100,TV-MA
s8101,PG-13
s8102,PG-13
s8103,TV-Y
s8104,PG
s8105,TV-MA
s8106,R
s8107,R
s8108,TV-14
s8109,NR
s8110,TV-PG
s8111,PG
s8112,TV-MA
s8113,NR
s8114,TV-MA
s8115,TV-14
s8116,TV-MA
s8117,TV-MA
s8118,TV-MA
s8119,TV-MA
s8120,TV-MA
s8121,TV-MA
s8122,TV-Y
s8123,TV-Y7
s8124,TV-MA
s8125,TV-PG
s8126,TV-Y
s8127,R
s8128,R
s8129,PG-13
s8130,TV-PG
s8131,PG-13
s8132,TV-14
s8133,TV-MA
s8134,TV-MA
s8135,TV-MA
s8136,TV-G
s8137,TV-PG
s8138,TV-14
s8139,R
s8140,R
s8141,R
s8142,TV-MA
s8143,R
s8144,TV-PG
s8145,TV-PG
s8146,TV-14
s8147,R
s8148,TV-14
s8149,TV-MA
s8150,TV-MA
s8151,TV-MA
s8152,G
s8153,G
s8154,TV-14
s8155,TV-Y7
s8156,TV-14
s8157,TV-PG
s8158,TV-MA
s8159,PG
s8160,PG
s8161,PG
s8162,TV-PG
s8163,TV-Y7
s8164,TV-MA
s8165,TV-MA
s8166,TV-PG
s8167,R
s8168,PG-13
s8169,TV-PG
s8170,TV-MA
s8171,TV-PG
s8172,TV-MA
s8173,TV-Y7
s8174,TV-MA
s8175,TV-14
s8176,TV-MA
s8177,TV-MA
s8178,TV-MA
s8179,TV-14
s8180,R
s8181,TV-PG
s8182,TV-Y7
s8183,TV-Y7
s8184,PG
s8185,PG
s8186,TV-MA
s8187,TV-MA
s8188,PG-13
s8189,R
s8190,TV-G
s8191,PG
s8192,TV-MA
s8193,TV-14
s8194,TV-PG
s8195,TV-MA
s8196,R
s8197,R
s8198,R
s8199,R
s8200,TV-14
s8201,TV-14
s8202,TV-MA
s8203,TV-MA
s8204,TV-14
s8205,TV-MA
s8206,TV-14
s8207,TV-MA
s8208,TV-PG
s8209,TV-14
s8210,TV-PG
s8211,TV-MA
s8212,TV-MA
s8213,R
s8214,R
s8215,TV-G
s8216,TV-14
s8217,TV-MA
s8218,R
s8219,TV-MA
s8220,PG-13
s8221,PG-13
s8222,PG-13
s8223,PG-13
s8224,R
s8225,TV-MA
s8226,PG-13
s8227,PG-13
s8228,TV-14
s8229,PG-13
s8230,PG-13
s8231,TV-MA
s8232,TV-14
s8233,PG-13
s8234,TV-MA
s8235,TV-14
s8236,TV-MA
s8237,R
s8238,PG
s8239,TV-MA
s8240,TV-PG
s8241,TV-MA
s8242,TV-14
s8243,R
s8244,TV-14
s8245,TV-MA
s8246,TV-14
s8247,TV-MA
s8248,PG
s8249,TV-PG
s8250,TV-14
s8251,TV-PG
s8252,R
s8253,TV-14
s8254,PG-13
s8255,TV-MA
s8256,TV-14
s8257,R
s8258,TV-14
s8259,PG
s8260,R
s8261,TV-PG
s8262,R
s8263,TV-PG
s8264,R
s8265,TV-14
s8266,TV-MA
s8267,PG
s8268,TV-MA
s8269,TV-MA
s8270,TV-MA
s8271,TV-MA
s8272,TV-Y7
s8273,R
s8274,TV-14
s8275,TV-14
s8276,TV-PG
s8277,R
s8278,TV-14
s8279,TV-14
s8280,TV-MA
s8281,TV-PG
s8282,TV-MA
s8283,TV-MA
s8284,R
s8285,PG-13
s8286,R
s8287,TV-MA
s8288,TV-PG
s8289,R
s8290,TV-MA
s8291,TV-MA
s8292,R
s8293,R
s8294,TV-MA
s8295,TV-MA
s8296,TV-MA
s8297,R
s8298,TV-14
s8299,R
s8300,TV-14
s8301,TV-MA
s8302,PG
s8303,TV-MA
s8304,R
s8305,PG
s8306,PG
s8307,TV-MA
s8308,PG-13
s8309,TV-MA
s8310,R
s8311,TV-MA
s8312,TV-14
s8313,PG-13
s8314,TV-PG
s8315,R
s8316,TV-Y
s8317,TV-PG
s8318,TV-14
s8319,TV-MA
s8320,TV-MA
s8321,R
s8322,TV-G
s8323,TV-MA
s8324,PG-13
s8325,TV-MA
s8326,R
s8327,TV-14
s8328,TV-14
s8329,TV-14
s8330,TV-14
s8331,TV-MA
s8332,TV-PG
s8333,TV-14
s8334,R
s8335,NR
s8336,PG-13
s8337,TV-MA
s8338,R
s8339,PG-13
s8340,TV-14
s8341,TV-MA
s8342,PG-13
s8343,TV-MA
s8344,TV-MA
s8345,TV-MA
s8346,R
s8347,TV-14
s8348,TV-PG
s8349,TV-14
s8350,TV-PG
s8351,TV-PG
s8352,R
s8353,PG
s8354,TV-PG
s8355,PG-13
s8356,PG-13
s8357,PG-13
s8358,TV-MA
s8359,TV-MA
s8360,TV-G
s8361,PG
s8362,PG
s8363,R
s8364,TV-MA
s8365,TV-MA
s8366,PG-13
s8367,TV-MA
s8368,TV-MA
s8369,TV-MA
s8370,PG-13
s8371,TV-14
s8372,TV-PG
s8373,PG-13
s8374,TV-Y7
s8375,TV-PG
s8376,PG-13
s8377,TV-PG
s8378,R
s8379,TV-MA
s8380,TV-MA
s8381,PG
s8382,PG
s8383,TV-MA
s8384,R
s8385,PG-13
s8386,R
s8387,TV-MA
s8388,TV-PG
s8389,TV-14
s8390,PG
s8391,TV-MA
s8392,TV-14
s8393,TV-14
s8394,R
s8395,PG
s8396,PG
s8397,R
s8398,TV-14
s8399,R
s8400,R
s8401,TV-PG
s8402,R
s8403,PG
s8404,PG-13
s8405,PG-13
s8406,PG-13
s8407,PG-13
s8408,TV-14
s8409,TV-14
s8410,TV-14
s8411,TV-PG
s8412,TV-PG
s8413,TV-14
s8414,PG-13
s8415,R
s8416,R
s8417,R
s8418,TV-14
s8419,TV-MA
s8420,TV-PG
s8421,R
s8422,TV-14
s8423,TV-PG
s8424,TV-G
s8425,TV-MA
s8426,TV-MA
s8427,R
s8428,TV-MA
s8429,TV-MA
s8430,TV-MA
s8431,PG
s8432,TV-MA
s8433,TV-PG
s8434,PG-13
s8435,PG-13
s8436,PG
s8437,TV-14
s8438,TV-MA
s8439,TV-MA
s8440,TV-14
s8441,TV-14
s8442,PG
s8443,TV-14
s8444,R
s8445,TV-PG
s8446,PG-13
s8447,R
s8448,NR
s8449,R
s8450,PG-13
s8451,TV-14
s8452,PG-13
s8453,PG-13
s8454,R
s8455,PG
s8456,G
s8457,R
s8458,PG
s8459,R
s8460,TV-MA
s8461,TV-MA
s8462,G
s8463,TV-14
s8464,TV-MA
s8465,R
s8466,PG
s8467,G
s8468,TV-MA
s8469,TV-14
s8470,PG-13
s8471,TV-MA
s8472,TV-PG
s8473,TV-PG
s8474,PG-13
s8475,TV-14
s8476,TV-PG
s8477,TV-MA
s8478,TV-PG
s8479,TV-MA
s8480,TV-14
s8481,TV-MA
s8482,TV-14
s8483,TV-MA
s8484,TV-MA
s8485,TV-MA
s8486,TV-14
s8487,PG-13
s8488,R
s8489,NR
s8490,PG-13
s8491,TV-14
s8492,TV-MA
s8493,PG-13
s8494,R
s8495,R
s8496,R
s8497,R
s8498,PG-13
s8499,R
s8500,PG-13
s8501,TV-G
s8502,PG
s8503,R
s8504,TV-PG
s8505,TV-MA
s8506,TV-MA
s8507,TV-14
s8508,PG-13
s8509,NR
s8510,TV-14
s8511,TV-MA
s8512,PG-13
s8513,PG-13
s8514,R
s8515,TV-MA
s8516,PG
s8517,TV-MA
s8518,R
s8519,TV-14
s8520,TV-14
s8521,TV-14
s8522,TV-MA
s8523,R
s8524,TV-Y7
s8525,TV-14
s8526,R
s8527,R
s8528,R
s8529,TV-14
s8530,TV-14
s8531,TV-G
s8532,PG-13
s8533,PG-13
s8534,TV-MA
s8535,R
s8536,R
s8537,TV-MA
s8538,R
s8539,TV-14
s8540,TV-MA
s8541,PG-13
s8542,TV-14
s8543,R
s8544,TV-MA
s8545,TV-MA
s8546,TV-14
s8547,TV-MA
s8548,PG-13
s8549,PG-13
s8550,TV-MA
s8551,TV-14
s8552,TV-14
s8553,R
s8554,PG
s8555,PG-13
s8556,TV-PG
s8557,TV-14
s8558,TV-14
s8559,R
s8560,TV-14
s8561,TV-MA
s8562,TV-MA
s8563,TV-PG
s8564,TV-MA
s8565,PG-13
s8566,TV-PG
s8567,TV-14
s8568,TV-PG
s8569,TV-MA
s8570,TV-14
s8571,TV-PG
s8572,TV-14
s8573,PG-13
s8574,TV-14
s8575,TV-14
s8576,TV-14
s8577,TV-PG
s8578,NR
s8579,TV-MA
s8580,TV-MA
s8581,PG-13
s8582,TV-Y7
s8583,NR
s8584,NR
s8585,TV-MA
s8586,TV-14
s8587,TV-MA
s8588,TV-PG
s8589,TV-14
s8590,TV-14
s8591,TV-MA
s8592,TV-14
s8593,TV-14
s8594,TV-14
s8595,G
s8596,TV-14
s8597,TV-Y
s8598,TV-14
s8599,PG-13
s8600,TV-MA
s8601,TV-Y7
s8602,TV-14
s8603,TV-Y7
s8604,PG-13
s8605,TV-14
s8606,TV-MA
s8607,TV-14
s8608,PG-13
s8609,NR
s8610,TV-MA
s8611,PG-13
s8612,TV-MA
s8613,TV-MA
s8614,TV-MA
s8615,R
s8616,PG-13
s8617,PG-13
s8618,R
s8619,R
s8620,TV-G
s8621,TV-PG
s8622,PG-13
s8623,PG-13
s8624,PG
s8625,PG-13
s8626,PG-13
s8627,PG-13
s8628,R
s8629,TV-14
s8630,TV-PG
s8631,TV-MA
s8632,TV-MA
s8633,TV-MA
s8634,TV-MA
s8635,TV-MA
s8636,G
s8637,R
s8638,R
s8639,R
s8640,TV-PG
s8641,TV-14
s8642,PG
s8643,R
s8644,TV-14
s8645,TV-14
s8646,TV-MA
s8647,TV-Y
s8648,TV-14
s8649,TV-MA
s8650,R
s8651,TV-14
s8652,R
s8653,NR
s8654,TV-14
s8655,R
s8656,PG
s8657,TV-MA
s8658,TV-14
s8659,R
s8660,PG-13
s8661,TV-PG
s8662,PG-13
s8663,TV-14
s8664,TV-14
s8665,R
s8666,TV-MA
s8667,TV-14
s8668,R
s8669,R
s8670,TV-G
s8671,PG-13
s8672,TV-14
s8673,TV-14
s8674,TV-14
s8675,NR
s8676,PG-13
s8677,R
s8678,TV-PG
s8679,R
s8680,TV-Y7
s8681,TV-14
s8682,TV-14
s8683,NR
s8684,TV-14
s8685,TV-Y
s8686,TV-MA
s8687,TV-MA
s8688,TV-14
s8689,TV-MA
s8690,R
s8691,TV-14
s8692,R
s8693,TV-PG
s8694,PG-13
s8695,R
s8696,TV-14
s8697,PG-13
s8698,R
s8699,TV-14
s8700,TV-14
s8701,TV-MA
s8702,PG
s8703,TV-G
s8704,R
s8705,TV-14
s8706,TV-MA
s8707,R
s8708,TV-PG
s8709,TV-MA
s8710,TV-MA
s8711,TV-MA
s8712,TV-MA
s8713,TV-PG
s8714,TV-MA
s8715,TV-Y7
s8716,R
s8717,TV-MA
s8718,TV-MA
s8719,TV-MA
s8720,TV-14
s8721,TV-14
s8722,TV-14
s8723,PG-13
s8724,TV-14
s8725,TV-14
s8726,R
s8727,TV-PG
s8728,NR
s8729,TV-14
s8730,PG-13
s8731,R
s8732,R
s8733,TV-MA
s8734,TV-MA
s8735,TV-MA
s8736,R
s8737,TV-14
s8738,TV-14
s8739,TV-MA
s8740,TV-PG
s8741,TV-PG
s8742,TV-PG
s8743,PG-13
s8744,PG-13
s8745,TV-MA
s8746,G
s8747,TV-14
s8748,TV-G
s8749,NR
s8750,TV-MA
s8751,R
s8752,R
s8753,TV-14
s8754,TV-MA
s8755,R
s8756,TV-14
s8757,TV-MA
s8758,PG-13
s8759,TV-PG
s8760,TV-PG
s8761,TV-MA
s8762,TV-14
s8763,TV-MA
s8764,TV-PG
s8765,PG-13
s8766,R
s8767,PG-13
s8768,PG-13
s8769,R
s8770,TV-MA
s8771,TV-14
s8772,TV-14
s8773,TV-14
s8774,TV-PG
s8775,TV-14
s8776,TV-PG
s8777,PG
s8778,TV-PG
s8779,TV-PG
s8780,TV-PG
s8781,TV-Y7
s8782,TV-Y7
s8783,PG-13
s8784,TV-Y
s8785,TV-Y
s8786,TV-Y7
s8787,TV-G
s8788,TV-PG
s8789,TV-MA
s8790,TV-PG
s8791,UR
s8792,R
s8793,NR
s8794,PG
s8795,TV-14
s8796,TV-Y7
s8797,TV-PG
s8798,TV-Y7
s8799,TV-MA
s8800,TV-14
s8801,TV-PG
s8802,TV-MA
s8803,R
s8804,TV-Y7
s8805,R
s8806,PG
s8807,TV-14
